pitch,yaw,roll,relative_distance,HunchValue,target
-34.9621822276338,-47.6520778215054,-170.499993175918,1.916502063186005,0.458560146347993,stretchneck
-34.9621822276338,-47.6520778215054,-170.499993175918,5.584218757285976,0.458560146347993,lowhead
-34.9621822276338,-47.6520778215054,-170.499993175918,7.407689223764735,0.458560146347993,wryneck
-34.5784448242554,8.62193436745685,-9.11244498970282,0.1031693895100505,0.227238126250987,hunch
-34.5784448242554,8.62193436745685,-9.11244498970282,1.289541324250793,0.227238126250987,lowhead
-34.5784448242554,8.62193436745685,-9.11244498970282,7.407815979110786,0.227238126250987,stretchneck
-32.8752818985503,-41.2536385308013,-172.993365442496,0.6370001221227508,0.49529859378806,stretchneck
-32.8752818985503,-41.2536385308013,-172.993365442496,4.312073769757043,0.49529859378806,lowhead
-32.8752818985503,-41.2536385308013,-172.993365442496,6.269540623859414,0.49529859378806,wryneck
-27.1812347847028,-14.9480718999609,11.5789752432555,5.268282066776282,0.0,hunch
-27.1812347847028,-14.9480718999609,11.5789752432555,5.906641777592121,0.0,lowhead
-27.1812347847028,-14.9480718999609,11.5789752432555,7.460952184038405,0.0,stretchneck
-25.7837217733244,11.3335289260815,-12.8239242381975,4.037000030982089,0.0,stretchneck
-25.7837217733244,11.3335289260815,-12.8239242381975,5.183961860473425,0.0,hunch
-25.7837217733244,11.3335289260815,-12.8239242381975,7.343768345156147,0.0,wryneck
-25.3425286665429,34.7140025362558,48.0738278533364,2.249682546405809,0.0,lowhead
-25.3425286665429,34.7140025362558,48.0738278533364,4.028123989230963,0.0,wryneck
-25.3425286665429,34.7140025362558,48.0738278533364,6.004860991514549,0.0,hunch
-25.3425286665429,34.7140025362558,48.0738278533364,7.342570559781665,0.0,stretchneck
-24.3962783808969,23.7832845456078,15.6159498290333,1.372462617835414,0.370949503879433,lowhead
-24.3962783808969,23.7832845456078,15.6159498290333,1.444164978457841,0.370949503879433,stretchneck
-24.3962783808969,23.7832845456078,15.6159498290333,2.155222383924838,0.370949503879433,hunch
-24.3962783808969,23.7832845456078,15.6159498290333,2.679248340217224,0.370949503879433,wryneck
-24.2843920357583,9.72936501479121,23.1375438162232,3.109280099874911,0.0,stretchneck
-24.2843920357583,9.72936501479121,23.1375438162232,3.866631778118161,0.0,lowhead
-24.2843920357583,9.72936501479121,23.1375438162232,6.83962998150113,0.0,hunch
-20.5343773986251,4.52584910410641,19.6803573796059,2.658669606053118,0.0,hunch
-20.5343773986251,4.52584910410641,19.6803573796059,6.374863160465871,0.0,stretchneck
-20.5343773986251,4.52584910410641,19.6803573796059,6.725153535177364,0.0,lowhead
-18.4184838301746,-19.4351032189695,25.1554193483383,1.903562717121458,1.32161364348852,lowhead
-18.4184838301746,-19.4351032189695,25.1554193483383,1.990081363405855,0.321613643488529,wryneck
-18.4184838301746,-19.4351032189695,25.1554193483383,3.859771572732099,0.321613643488529,stretchneck
-18.4184838301746,-19.4351032189695,25.1554193483383,4.143891195605828,0.321613643488529,hunch
-17.5006709020523,-13.7027237067308,-6.2365095383876,2.879681202729935,0.337842227058384,stretchneck
-17.5006709020523,-13.7027237067308,-6.2365095383876,3.087892164064663,0.337842227058384,hunch
-17.5006709020523,-13.7027237067308,-6.2365095383876,7.341899750145391,0.337842227058384,lowhead
-16.2405478663937,-12.9666271652215,78.4390027534832,1.173276781094337,0.0,lowhead
-16.2405478663937,-12.9666271652215,78.4390027534832,3.410101558965137,0.0,stretchneck
-16.2405478663937,-12.9666271652215,78.4390027534832,6.079529869153143,0.0,hunch
-16.1572820571261,25.9787534788944,-12.1781364068811,0.0350643914789367,0.0,lowhead
-16.1572820571261,25.9787534788944,-12.1781364068811,1.668295756893068,0.0,hunch
-16.1572820571261,25.9787534788944,-12.1781364068811,5.778070853513553,0.0,stretchneck
-16.1572820571261,25.9787534788944,-12.1781364068811,7.174592191389953,0.0,wryneck
-15.1546775368395,-13.8018152552948,-4.80086059277322,1.415573533252867,0.337302228136599,hunch
-15.1546775368395,-13.8018152552948,-4.80086059277322,3.662007972930784,0.337302228136599,wryneck
-15.1546775368395,-13.8018152552948,-4.80086059277322,7.038128950174275,0.337302228136599,stretchneck
-14.4437537217113,-29.5711254107563,14.1134322518247,0.4446434201458022,0.500673234022008,wryneck
-14.4437537217113,-29.5711254107563,14.1134322518247,6.397495473344832,0.500673234022008,stretchneck
-14.4437537217113,-29.5711254107563,14.1134322518247,7.384450073746353,0.500673234022008,lowhead
-14.0214756685352,-37.8226480812641,-3.5899783454434,2.788652122191256,0.494261010804599,wryneck
-14.0214756685352,-37.8226480812641,-3.5899783454434,2.986168662399635,0.494261010804599,stretchneck
-14.0214756685352,-37.8226480812641,-3.5899783454434,4.469613147775108,0.494261010804599,lowhead
-13.2158523861054,-33.0437463156998,7.82715722931874,1.95027601216472,0.462515237634281,stretchneck
-13.2158523861054,-33.0437463156998,7.82715722931874,5.068647657187397,0.462515237634281,lowhead
-13.2158523861054,-33.0437463156998,7.82715722931874,7.052500605356895,0.462515237634281,wryneck
-12.8628271495549,49.4206331667544,14.6805422629966,1.071206794940888,0.359622540345584,wryneck
-12.8628271495549,49.4206331667544,14.6805422629966,3.919452315704978,0.359622540345584,hunch
-12.8628271495549,49.4206331667544,14.6805422629966,5.187005412718662,0.359622540345584,lowhead
-12.8628271495549,49.4206331667544,14.6805422629966,5.60358852667073,0.359622540345584,stretchneck
-12.5622392592736,23.2816262102093,3.87167024391868,4.121728309080999,0.501989692175104,wryneck
-12.5622392592736,23.2816262102093,3.87167024391868,4.380906917943969,0.501989692175104,lowhead
-12.5622392592736,23.2816262102093,3.87167024391868,4.781158128262559,0.501989692175104,stretchneck
-11.9530869262772,-33.1943974305123,-0.418726264976157,2.841115782579105,0.487236647195998,wryneck
-11.9530869262772,-33.1943974305123,-0.418726264976157,3.727427756089953,0.487236647195998,lowhead
-11.5175713908713,-36.6869687982585,1.54386131742854,1.768253645346853,0.476687707967018,wryneck
-11.5175713908713,-36.6869687982585,1.54386131742854,3.514528417740964,0.476687707967018,lowhead
-11.0117489401003,-25.8886665543808,16.1627231371465,3.045336328318099,0.489720192820844,lowhead
-11.0117489401003,-25.8886665543808,16.1627231371465,5.439127914047069,0.489720192820844,stretchneck
-11.0117489401003,-25.8886665543808,16.1627231371465,6.754335199691501,0.489720192820844,wryneck
-9.71579504413292,-37.2414052781219,2.18216465947418,1.14172096003116,0.46034801220676,lowhead
-9.71579504413292,-37.2414052781219,2.18216465947418,3.956206039624863,0.46034801220676,stretchneck
-9.71579504413292,-37.2414052781219,2.18216465947418,4.468617816665004,0.46034801220676,wryneck
-9.60859126850202,25.984092655393,16.533096985944,1.200224423629117,0.0,stretchneck
-9.60859126850202,25.984092655393,16.533096985944,1.977052673087098,0.0,hunch
-9.60859126850202,25.984092655393,16.533096985944,3.964844063293463,0.0,wryneck
-9.60859126850202,25.984092655393,16.533096985944,6.547195969257102,0.0,lowhead
-9.10745604513694,-42.7669244954443,-4.26831486682486,0.3085614428745034,0.48377413703879,wryneck
-9.10745604513694,-42.7669244954443,-4.26831486682486,5.299693218415379,0.48377413703879,stretchneck
-9.10745604513694,-42.7669244954443,-4.26831486682486,6.723244893012198,0.48377413703879,lowhead
-8.41116382489878,2.47232334214789,2.98140036503382,0.159366100617678,0.36631314083434,wryneck
-8.41116382489878,2.47232334214789,2.98140036503382,4.203067243607947,0.36631314083434,stretchneck
-8.41116382489878,2.47232334214789,2.98140036503382,7.321804769555204,0.36631314083434,hunch
-6.39713465118685,-53.7233525035488,-38.1919029511782,3.447964314461455,0.49305599322384,lowhead
-6.39713465118685,-53.7233525035488,-38.1919029511782,3.69593991894976,0.493055993223846,stretchneck
-6.39713465118685,-53.7233525035488,-38.1919029511782,6.290216890738045,0.493055993223846,wryneck
-6.27683134192813,10.6823363700171,12.1429367642715,3.72989189190208,0.311696630928093,lowhead
-6.27683134192813,10.6823363700171,12.1429367642715,4.64207134048155,0.311696630928093,stretchneck
-6.27683134192813,10.6823363700171,12.1429367642715,6.267198228255807,0.311696630928093,hunch
-6.25514058889653,-44.581815293142,-4.67661228962968,0.8137428646784634,0.470973173507632,stretchneck
-6.25514058889653,-44.581815293142,-4.67661228962968,2.239180182551803,0.470973173507632,lowhead
-6.25514058889653,-44.581815293142,-4.67661228962968,6.547344551710479,0.470973173507632,wryneck
-6.05605630553786,-4.34894528857377,-17.0772349104056,2.379118927739342,0.392996481512804,stretchneck
-6.05605630553786,-4.34894528857377,-17.0772349104056,4.248986185878406,0.392996481512804,lowhead
-6.05605630553786,-4.34894528857377,-17.0772349104056,6.140431773685734,0.392996481512804,hunch
-5.50889185218222,13.9889460562541,10.652180629895,2.166377495033545,0.305586207447987,hunch
-5.50889185218222,13.9889460562541,10.652180629895,2.865243453765264,0.305586207447987,stretchneck
-5.50889185218222,13.9889460562541,10.652180629895,6.380327475209847,0.305586207447987,lowhead
-5.32751426783664,-49.2256571054644,-32.1846478449128,2.994470453725441,0.49698895403861,lowhead
-5.32751426783664,-49.2256571054644,-32.1846478449128,3.87582360262047,0.496988954038619,stretchneck
-5.32751426783664,-49.2256571054644,-32.1846478449128,5.130245351844905,0.496988954038619,wryneck
-5.12799163925966,-48.2253307365595,-31.2773462723715,0.7818028764286369,0.495659803845064,wryneck
-5.12799163925966,-48.2253307365595,-31.2773462723715,2.317098790546114,0.495659803845064,stretchneck
-5.12799163925966,-48.2253307365595,-31.2773462723715,2.711921367776975,2.49565980384506,lowhead
-4.96308698713329,14.9635416917022,3.78377458368148,2.214326241056893,0.331919196722007,lowhead
-4.96308698713329,14.9635416917022,3.78377458368148,2.37304169329891,0.331919196722007,stretchneck
-4.96308698713329,14.9635416917022,3.78377458368148,7.324941607457111,0.331919196722007,hunch
-4.37861375634866,13.8512197751279,4.90707193062594,1.492320623262888,0.327824060179394,lowhead
-4.37861375634866,13.8512197751279,4.90707193062594,3.455589552537206,0.327824060179394,stretchneck
-4.37861375634866,13.8512197751279,4.90707193062594,5.14978557167759,0.327824060179394,hunch
-4.12816714267276,11.366066694174,8.64985732926294,0.4873525950873653,0.30792007103073,hunch
-4.12816714267276,11.366066694174,8.64985732926294,3.843228491594326,0.30792007103073,lowhead
-4.12816714267276,11.366066694174,8.64985732926294,6.156168366798651,0.30792007103073,stretchneck
-3.85680595259983,-48.2782971040204,-14.6551881609451,2.295282981558854,0.484616595751339,stretchneck
-3.85680595259983,-48.2782971040204,-14.6551881609451,2.303458342459974,0.484616595751339,wryneck
-3.85680595259983,-48.2782971040204,-14.6551881609451,6.312464637100495,0.484616595751339,lowhead
-3.77914264988643,13.7651731376857,3.35399183266415,2.094277717277865,0.337712473372148,hunch
-3.77914264988643,13.7651731376857,3.35399183266415,2.140031131581859,0.337712473372148,stretchneck
-3.77914264988643,13.7651731376857,3.35399183266415,4.029699627763614,0.337712473372148,lowhead
-3.77510313735457,12.3919043110334,6.22660377084904,0.549162114543717,0.327168916043832,stretchneck
-3.77510313735457,12.3919043110334,6.22660377084904,5.238014818178677,0.327168916043832,lowhead
-3.77510313735457,12.3919043110334,6.22660377084904,5.653627389146402,0.327168916043832,hunch
-3.5254587719193,14.4689865297312,5.21972064511853,3.104082094688082,0.329611124688044,hunch
-3.5254587719193,14.4689865297312,5.21972064511853,4.17008586202618,0.329611124688044,lowhead
-3.5254587719193,14.4689865297312,5.21972064511853,5.49059863308439,0.329611124688044,stretchneck
-3.34573822790831,-49.0231618649365,-15.2284050655986,0.7012077753612073,0.434832289450845,lowhead
-3.34573822790831,-49.0231618649365,-15.2284050655986,1.266638448540327,0.434832289450845,stretchneck
-3.34573822790831,-49.0231618649365,-15.2284050655986,3.867183751915467,0.434832289450845,wryneck
-3.29223752120612,13.2340889079537,7.57130091405481,0.9782754433967892,0.312237973836956,lowhead
-3.29223752120612,13.2340889079537,7.57130091405481,1.05170166826804,0.312237973836956,hunch
-3.29223752120612,13.2340889079537,7.57130091405481,3.482515582399739,0.312237973836956,stretchneck
-3.13112683275913,10.884850102768,3.90117853288903,1.68787119086921,0.327788143146634,hunch
-3.13112683275913,10.884850102768,3.90117853288903,4.974976364426713,0.327788143146634,stretchneck
-3.13112683275913,10.884850102768,3.90117853288903,5.204756522845369,0.327788143146634,lowhead
-3.06043816354422,8.70826791508193,3.95348031847433,1.204539264672257,0.316456913825126,lowhead
-3.06043816354422,8.70826791508193,3.95348031847433,5.495725543633418,0.316456913825126,stretchneck
-3.06043816354422,8.70826791508193,3.95348031847433,6.380606177879569,0.316456913825126,hunch
-2.93841894027567,13.1656108544689,8.36353836972378,2.940520798218849,0.304646060216109,lowhead
-2.93841894027567,13.1656108544689,8.36353836972378,3.183048974063753,0.304646060216109,hunch
-2.93841894027567,13.1656108544689,8.36353836972378,3.433500883113811,0.304646060216109,stretchneck
-2.76053742140277,13.4425440328979,4.38491303424392,4.756852337154632,0.332327914274874,stretchneck
-2.76053742140277,13.4425440328979,4.38491303424392,5.728565629422517,0.332327914274874,lowhead
-2.76053742140277,13.4425440328979,4.38491303424392,5.778221865424844,0.332327914274874,hunch
-2.71975142654265,13.2450854402154,2.68700475133773,0.0481018575116606,0.338948050223816,lowhead
-2.71975142654265,13.2450854402154,2.68700475133773,0.2734502635902117,0.338948050223816,hunch
-2.71975142654265,13.2450854402154,2.68700475133773,3.718925002250903,0.338948050223816,stretchneck
-2.55031400597947,11.2460777160574,4.24277319479281,2.15444242926363,0.335359689838617,lowhead
-2.55031400597947,11.2460777160574,4.24277319479281,4.35007373761298,0.335359689838617,hunch
-2.55031400597947,11.2460777160574,4.24277319479281,6.701309793742505,0.335359689838617,stretchneck
-2.49578189843226,-49.5077927266089,-14.2784276863172,3.895921950702979,0.467005972293871,stretchneck
-2.49578189843226,-49.5077927266089,-14.2784276863172,5.014684491949805,0.467005972293871,wryneck
-2.49578189843226,-49.5077927266089,-14.2784276863172,7.318203220169698,0.467005972293871,lowhead
-2.22326581101383,9.79350047592311,4.15831907590062,0.6324117688339279,0.327105123350638,lowhead
-2.22326581101383,9.79350047592311,4.15831907590062,4.014677143544009,0.327105123350638,hunch
-2.22326581101383,9.79350047592311,4.15831907590062,5.013705575369105,0.327105123350638,stretchneck
-2.19503459864688,13.6616334567062,3.88806064511028,0.8008235573539729,0.33878899802364,hunch
-2.19503459864688,13.6616334567062,3.88806064511028,1.153507180317822,0.33878899802364,stretchneck
-2.19503459864688,13.6616334567062,3.88806064511028,1.794904307418846,0.33878899802364,lowhead
-2.06820884183751,13.8944663002048,3.97029225519281,2.113243505879611,0.338139732324698,hunch
-2.06820884183751,13.8944663002048,3.97029225519281,2.391228271420156,0.338139732324698,lowhead
-2.06820884183751,13.8944663002048,3.97029225519281,4.744955050889793,0.338139732324698,stretchneck
-2.0112771339732,12.1609881008697,3.77279932632741,0.4365668195780392,0.341216995769515,hunch
-2.0112771339732,12.1609881008697,3.77279932632741,1.317008279570307,0.341216995769515,lowhead
-2.0112771339732,12.1609881008697,3.77279932632741,5.114439927182088,0.341216995769515,stretchneck
-1.99114014314608,12.4691307340361,3.98759124639599,2.622670191457763,0.332649351065977,stretchneck
-1.99114014314608,12.4691307340361,3.98759124639599,3.41429022677504,0.332649351065977,lowhead
-1.99114014314608,12.4691307340361,3.98759124639599,6.529390661425559,0.332649351065977,hunch
-1.95430485985631,11.9412825745819,3.7767010792941,2.90397030496234,0.323849475769195,stretchneck
-1.95430485985631,11.9412825745819,3.7767010792941,3.432735758011192,0.323849475769195,lowhead
-1.95430485985631,11.9412825745819,3.7767010792941,6.682254936750778,0.323849475769195,hunch
-1.93109092248442,9.60451379555144,3.79975802752355,0.1109461454414093,0.316820511622434,lowhead
-1.93109092248442,9.60451379555144,3.79975802752355,3.476827461729244,0.316820511622434,hunch
-1.93109092248442,9.60451379555144,3.79975802752355,5.740806327631538,0.316820511622434,stretchneck
-1.91928401946692,14.4279049316465,4.08552102367408,3.273738324452959,0.346367879468323,hunch
-1.91928401946692,14.4279049316465,4.08552102367408,5.02234106245806,0.346367879468323,stretchneck
-1.91928401946692,14.4279049316465,4.08552102367408,5.438630743354723,0.346367879468323,lowhead
-1.82760387146477,8.17541430609955,3.57228377947493,0.1244700278869115,0.341642065651734,hunch
-1.82760387146477,8.17541430609955,3.57228377947493,0.7111542450252506,0.341642065651734,stretchneck
-1.82760387146477,8.17541430609955,3.57228377947493,1.87884263124597,0.341642065651734,lowhead
-1.71595265169924,8.7948971544538,4.5036196476117,1.104373999568754,0.328540478079894,hunch
-1.71595265169924,8.7948971544538,4.5036196476117,2.986427060353523,0.328540478079894,lowhead
-1.71595265169924,8.7948971544538,4.5036196476117,4.395555544741326,0.328540478079894,stretchneck
-1.69238702572993,13.1705800676459,5.42262169043474,0.6840108170919568,0.324290366075548,stretchneck
-1.69238702572993,13.1705800676459,5.42262169043474,1.097171198429685,0.324290366075548,hunch
-1.69238702572993,13.1705800676459,5.42262169043474,3.175888005250958,0.324290366075548,lowhead
-1.42621488793033,8.70000032439754,4.47486104792399,1.688276852973173,0.314320252031405,stretchneck
-1.42621488793033,8.70000032439754,4.47486104792399,2.295955706924277,0.314320252031405,hunch
-1.42621488793033,8.70000032439754,4.47486104792399,4.266146444683908,0.314320252031405,lowhead
-1.18398042446222,10.6721309140386,4.03661920996912,4.718914209920915,0.323147967070965,hunch
-1.18398042446222,10.6721309140386,4.03661920996912,5.229562179034847,0.323147967070965,stretchneck
-1.18398042446222,10.6721309140386,4.03661920996912,6.207616609306041,0.323147967070965,lowhead
-1.09465856667767,13.8248212694222,4.61829307100803,0.7036773962617693,0.34078486348254,stretchneck
-1.09465856667767,13.8248212694222,4.61829307100803,0.9450069132195484,0.34078486348254,lowhead
-1.09465856667767,13.8248212694222,4.61829307100803,4.1738566258068,0.34078486348254,hunch
-1.05825233163774,11.4982758249619,4.71890767904018,1.996356316654353,0.33883245798259,stretchneck
-1.05825233163774,11.4982758249619,4.71890767904018,5.905888770908089,0.33883245798259,lowhead
-1.05825233163774,11.4982758249619,4.71890767904018,6.223077783796026,0.33883245798259,hunch
0.0,0.0,0.0,0.2144680389632617,0.405255992455106,hunch
0.0,0.0,0.0,0.2318065796507407,0.0,hunch
0.0,0.0,0.0,0.2689219636222406,0.498217377328818,normal
0.0,0.0,0.0,0.3483365744344738,0.0,hunch
0.0,0.0,0.0,0.385469725696829,0.0,hunch
0.0,0.0,0.0,0.399377089308105,0.370044626148446,hunch
0.0,0.0,0.0,0.5141961351023485,0.565520664566211,normal
0.0,0.0,0.0,0.9662590086708496,0.502146238224917,normal
0.0,0.0,0.0,1.384444512958973,0.511775321027286,normal
0.0,0.0,0.0,1.654375766712312,0.0,hunch
0.0,0.0,0.0,1.701535673247507,0.0,hunch
0.0,0.0,0.0,1.890359438357346,0.404533209901139,normal
0.0,0.0,0.0,1.978000560276184,0.38916593056595,hunch
0.0,0.0,0.0,2.519606171900056,0.407536813958192,normal
0.0,0.0,0.0,2.529996567574895,0.40458974311806,normal
0.0,0.0,0.0,2.536633824542764,0.0,hunch
0.0,0.0,0.0,2.586153914142719,0.364515639465297,hunch
0.0,0.0,0.0,2.64429618933619,0.0,hunch
0.0,0.0,0.0,2.733206850841313,0.445985835422586,normal
0.0,0.0,0.0,2.760860937877372,0.495155435952617,normal
0.0,0.0,0.0,3.264695486450122,0.360182060371171,hunch
0.0,0.0,0.0,3.332320805048681,0.495258546596306,normal
0.0,0.0,0.0,3.462971265792201,0.0,hunch
0.0,0.0,0.0,3.569873209224048,0.449072455873318,normal
0.0,0.0,0.0,3.599540389522836,0.0,hunch
0.0,0.0,0.0,3.649985753572989,0.494487704513536,normal
0.0,0.0,0.0,4.030877565871152,0.0,hunch
0.0,0.0,0.0,4.074252772509817,0.0,hunch
0.0,0.0,0.0,4.165931319458071,0.496430071260609,normal
0.0,0.0,0.0,4.466626707510757,0.516340782396178,normal
0.0,0.0,0.0,4.476367494182917,0.433693474073805,normal
0.0,0.0,0.0,4.579284351797668,0.431036973870564,normal
0.0,0.0,0.0,5.004662773800494,0.374659244451558,hunch
0.0,0.0,0.0,5.166307636096405,0.405891727681067,hunch
0.0,0.0,0.0,5.244790099247827,0.0,hunch
0.0,0.0,0.0,5.448493932667989,0.445683415583845,normal
0.0,0.0,0.0,5.462912850429847,0.379263523274661,hunch
0.0,0.0,0.0,5.660642556586287,0.473571309718649,normal
0.0,0.0,0.0,5.704449013182217,0.429112892317336,normal
0.0,0.0,0.0,5.734462891279796,0.498493150576004,normal
0.0,0.0,0.0,6.012923708655023,0.477575030036288,normal
0.0,0.0,0.0,6.120247936953322,0.40869438806023,hunch
0.0,0.0,0.0,6.356837853559257,0.495517444740889,normal
0.0,0.0,0.0,6.460719953701415,0.49491176025517,normal
0.0,0.0,0.0,6.852268697012449,0.505943994291148,normal
0.0,0.0,0.0,7.31303718887212,0.0,hunch
0.0,0.0,0.0,7.347731570610365,0.498216906575958,normal
0.0,0.0,0.0,7.386500729147437,0.409619831742767,hunch
0.0,0.0,0.0,7.474064829956148,0.523467316596611,normal
0.0,0.0,0.0,7.474189262907595,0.0,hunch
0.0,0.0,0.0,7.94572338991524,0.40869438806023,crossleg
0.0,0.0,0.0,9.02246341939614,0.364515639465297,crossleg
0.0,0.0,0.0,10.6593802312626,0.360182060371171,crossleg
0.109945689592625,-14.6216433082847,-1.5619430646391,4.125981117634708,0.416846773763734,normal
0.109945689592625,-14.6216433082847,-0.5619430646391,1.583455990552577,0.430005607980179,normal
0.912492428967502,3.04379778552531,1.53207709299907,1.957001848263922,0.479389545286284,normal
1.25471309801907,-49.4500106637178,-18.4926408614217,0.1167824058421701,0.48724573798578,stretchneck
1.25471309801907,-49.4500106637178,-18.4926408614217,0.2814545766572826,0.48724573798578,wryneck
1.98955598997291,3.13155087559135,1.97871084023146,2.615997406648765,0.478131618200513,normal
2.07457605974279,-0.716052142615969,1.70176531513689,1.14185432694403,0.487199858659149,normal
2.52275472769549,0.259559716881539,1.25053553723902,3.21618845506601,0.471315832595751,normal
2.58988605242466,0.21462983476041,0.83033737503998,7.191582221049033,0.471380075870973,normal
2.75194826351529,1.73051866130678,1.34484848244451,7.287176315037897,0.47518846696448,normal
2.79925678818187,-0.349118216791404,0.712510872311066,1.715996670096196,0.478630337264395,normal
2.93901215244831,1.10542710582492,1.14722418271045,7.44058989114617,0.483597671780193,normal
2.96399280534861,1.76637774923344,0.508521546064494,5.371124537351678,0.475732910889189,normal
3.42197183580488,3.53624082104435,1.94734943708566,7.320985353310176,0.43633125052806,normal
3.48381625699095,2.46013137448561,1.86527398848124,6.168394042736519,0.468659559013881,normal
3.57893624773802,0.77412399507849,1.86151130677703,3.097490980744234,0.473763783106822,normal
3.64525535144983,3.88144043228361,1.91233844346929,2.454322428071646,0.471508040182592,normal
3.66575410664462,1.7331143090734,1.06395856714213,5.142738039404771,0.47566456927864,normal
3.71926297945858,1.29499693340316,1.43471813917598,1.389787790955689,0.475450384202446,normal
3.79467238186596,0.853806419046244,1.9774883749612,6.499289024849554,0.47186133953378,normal
3.92932554737457,0.390904197760883,1.47954050268163,4.897269982122617,0.439665288332877,normal
4.27329076986822,-0.211709813454428,0.939597074477736,3.466823643363176,0.472570802872526,normal
4.95141962394644,0.540759151618227,1.43532879340984,5.267516192383479,0.469080505754495,normal
5.48875426963587,-55.0170530205633,-26.8363239882761,6.629284019542901,0.466059727164753,wryneck
5.48875426963587,-55.0170530205633,-26.8363239882761,7.240026730041447,0.466059727164753,stretchneck
5.76184239055618,-1.26772445257697,1.08287222771916,7.102105540015539,0.465407823427431,normal
7.30593103201131,0.953868866373231,1.1978497472305,3.391778674792295,0.436009633415402,normal
7.30593103201131,0.953868866373231,1.1978497472305,5.210649325851793,0.417691661324263,normal
7.30593103201131,0.953868866373231,1.1978497472305,6.285741376492138,0.435524727283596,normal
7.838520639554,8.17253198251325,1.30622737477988,0.3269286801099985,0.433141532100227,normal
8.19042131093608,-14.9526452897221,-1.20956448987594,1.953886380083488,0.359571471446168,hunch
8.19042131093608,-14.9526452897221,-1.20956448987594,10.6095611233429,0.359571471446168,crossleg
8.52858240809046,-46.3272187629701,-20.9934705800045,1.118811156462862,0.500427926256875,stretchneck
8.52858240809046,-46.3272187629701,-20.9934705800045,2.14929042693524,0.500427926256875,wryneck
9.66985312661972,-18.3248949986783,-1.49712389321893,1.492296684093678,0.364268095357169,wryneck
9.66985312661972,-18.3248949986783,-1.49712389321893,2.849527261528943,0.364268095357169,hunch
9.66985312661972,-18.3248949986783,-1.49712389321893,8.76755574170213,0.364268095357169,crossleg
9.88680650332601,-56.8084296940335,-31.1450057738042,5.025495458122812,0.482898674379675,wryneck
9.88680650332601,-56.8084296940335,-31.1450057738042,5.085869944940853,0.482898674379675,stretchneck
9.89408621552092,-34.2059044203723,-3.48717658994775,1.788205336524374,0.370085636456917,wryneck
9.89408621552092,-34.2059044203723,-3.48717658994775,5.863640195308017,0.370085636456917,hunch
9.89408621552092,-34.2059044203723,-3.48717658994775,6.114449937384391,0.370085636456917,stretchneck
9.89408621552092,-34.2059044203723,-3.48717658994775,8.93618847252896,0.370085636456917,crossleg
10.0335659566309,-52.6725267154039,-27.9608764256426,3.032285021252068,0.494600497022114,wryneck
10.0335659566309,-52.6725267154039,-27.9608764256426,7.140948413412018,0.494600497022114,stretchneck
10.1679898491645,-16.0876717379259,-2.38886629134541,0.6563136176046652,0.350928576856528,wryneck
10.1679898491645,-16.0876717379259,-2.38886629134541,6.408909493185821,0.350928576856528,stretchneck
10.1679898491645,-16.0876717379259,-2.38886629134541,6.745044093489463,0.350928576856528,hunch
10.1679898491645,-16.0876717379259,-2.38886629134541,8.51584738194631,0.350928576856528,crossleg
11.0190096130163,-54.0028397319037,-30.4857029168649,2.983173509591682,0.485028657653827,stretchneck
11.0190096130163,-54.0028397319037,-30.4857029168649,3.776190160029144,0.485028657653827,wryneck
11.0346296779331,-26.8388424294053,-5.25149570068786,2.234600394374345,0.38131857842337,stretchneck
11.0346296779331,-26.8388424294053,-5.25149570068786,7.083935402573163,0.38131857842337,wryneck
11.0346296779331,-26.8388424294053,-5.25149570068786,7.14839415314755,0.38131857842337,hunch
11.0346296779331,-26.8388424294053,-5.25149570068786,11.7755683050242,0.38131857842337,crossleg
12.7839194209603,-6.92624742519456,1.26120427057432,2.784241961388322,0.434954694094589,normal
13.0369697820402,-30.2716342053549,-1.06928558600316,1.012306261688882,0.359071818785243,hunch
13.0369697820402,-30.2716342053549,-1.06928558600316,6.24153518409046,0.359071818785243,crossleg
13.0369697820402,-30.2716342053549,-1.06928558600316,7.271025035563622,0.359071818785243,wryneck
13.2962630919689,-59.1632772071718,-32.6434148174429,5.819869037616074,0.469383981842706,stretchneck
13.2962630919689,-59.1632772071718,-32.6434148174429,7.172445002603355,0.469383981842706,wryneck
13.4711442888924,-16.5398039682677,1.55036009158213,1.614820009789158,0.352476401308957,hunch
13.4711442888924,-16.5398039682677,1.55036009158213,3.228620358397122,0.352476401308957,wryneck
13.4711442888924,-16.5398039682677,1.55036009158213,3.3386012418981,0.352476401308957,crossleg
13.9139966251892,-30.8841079748008,-15.3669387429519,0.7819392089008492,0.404251610214864,hunch
13.9139966251892,-30.8841079748008,-15.3669387429519,3.664342506951819,0.404251610214864,wryneck
13.9139966251892,-30.8841079748008,-15.3669387429519,5.915853369883395,0.404251610214864,stretchneck
13.9139966251892,-30.8841079748008,-15.3669387429519,10.1511353678782,0.404251610214864,crossleg
15.6053061576113,-37.4119177942336,-6.53414163443462,2.575870616452466,0.413865334401561,stretchneck
15.6053061576113,-37.4119177942336,-6.53414163443462,6.334897905995625,0.413865334401561,wryneck
15.6053061576113,-37.4119177942336,-6.53414163443462,8.75764578184759,0.413865334401561,crossleg
16.0723624300239,-5.83981552447053,-1.51815082837019,6.762652387340784,0.485116807322741,normal
16.9221075224215,-8.08591322858554,-1.0389181910998,4.655575883606043,0.414907940489374,normal
17.0316937618478,-12.8958482990338,-0.0944029656118421,3.462822419152864,0.412798451234035,normal
18.7182495547399,-11.2838050929124,1.60414060724895,6.885354707264675,0.461235796438133,normal
18.7444470864991,-25.9029907520422,-0.0613800031087192,5.624492112979712,0.410346558021539,wryneck
18.7444470864991,-25.9029907520422,-0.0613800031087192,9.50950156802235,0.410346558021539,crossleg
19.8700873879428,0.490669243336444,0.7857949141234,2.608668538381912,0.422976199348361,normal
20.3382114879085,27.8632616016847,28.3028076075389,0.8924535318248514,0.404055055414499,wryneck
20.3382114879085,27.8632616016847,28.3028076075389,1.174966107821216,0.404055055414499,hunch
20.3382114879085,27.8632616016847,28.3028076075389,6.376521741891834,0.404055055414499,stretchneck
20.3382114879085,27.8632616016847,28.3028076075389,7.99007025000253,0.404055055414499,crossleg
20.8346795944125,-42.9445880228084,-21.3155921012418,0.9205760937255292,0.427362940484479,stretchneck
20.8346795944125,-42.9445880228084,-21.3155921012418,1.808904786601009,0.427362940484479,wryneck
20.8346795944125,-42.9445880228084,-21.3155921012418,10.6049524983923,0.427362940484479,crossleg
21.7230214383853,-36.2603882667073,-14.2276206945647,0.3886741047161979,0.447773084943609,stretchneck
21.7230214383853,-36.2603882667073,-14.2276206945647,5.507683749345264,0.447773084943609,wryneck
21.7230214383853,-36.2603882667073,-14.2276206945647,13.1598603557989,0.447773084943609,crossleg
21.860522683144,-39.3499071896484,-15.14109370938,3.419296240419763,0.448366704373167,stretchneck
21.860522683144,-39.3499071896484,-15.14109370938,4.901839360608227,0.448366704373167,wryneck
21.860522683144,-39.3499071896484,-15.14109370938,10.717162972406,0.448366704373167,crossleg
24.7280786180885,-5.50040924314176,-0.47021683200334,5.823947091486233,0.420271963809456,normal
31.9737143057271,-4.4947996551313,-1.95690185313169,2.80817404196413,0.448172949058373,normal
35.0664273339913,-0.190053001098284,-0.117549763857081,3.364390262932108,0.420924255332909,normal
35.5241394734007,-1.62032173039796,-1.51956022327114,0.7480308573946287,0.410163683007557,normal
35.5241394734007,-1.62032173039796,-1.51956022327114,2.442708888704237,0.492970888075901,normal
35.887755469337,10.3458671512093,18.9080419252401,6.607651381357436,0.412866561175369,stretchneck
35.887755469337,10.3458671512093,18.9080419252401,10.6248209580031,0.412866561175369,crossleg
36.7307103418558,12.3792467774213,16.1416573515639,0.5713211950438382,0.409578647232358,stretchneck
36.7307103418558,12.3792467774213,16.1416573515639,1.544836236428367,0.409578647232358,crossleg
36.7307103418558,12.3792467774213,16.1416573515639,1.898062076685112,0.409578647232358,hunch
40.1126793989889,13.8555896187649,20.0798516738666,0.9147497845866396,0.406050203917773,hunch
40.1126793989889,13.8555896187649,20.0798516738666,2.505556205075449,0.406050203917773,stretchneck
40.1126793989889,13.8555896187649,20.0798516738666,8.1701414326656,0.406050203917773,crossleg
