PicName,label,distAverage,distShoulder,distMounthToShoulder,distNoseToMounth,Unnamed: 6,PicName.1,label.1,distAverage.1,distShoulder.1,distMounthToShoulder.1,distNoseToMounth.1
0_0001.jpg,0,6.77086975642692,178.374007720272,74.2168822955976,343.553722349001,,0_0001.jpg,0.0,6.77086975642692,178.374007720272,74.2168822955976,343.553722349001
0_0002.jpg,0,6.76044707766657,176.617538287741,74.2944742171375,345.52726606199,,0_0002.jpg,0.0,6.76044707766657,176.617538287741,74.2944742171375,345.52726606199
0_0003.jpg,0,6.7976574461294,177.502617956955,74.838237036188,349.717572328985,,0_0003.jpg,0.0,6.7976574461294,177.502617956955,74.838237036188,349.717572328985
0_0004.jpg,0,6.96924388688762,176.567735117625,74.039831511413,351.909882282731,,0_0004.jpg,0.0,6.96924388688762,176.567735117625,74.039831511413,351.909882282731
0_0005.jpg,0,6.8330738926366,174.346385110967,73.420803318516,354.532504474118,,0_0373.jpg,0.0,5.15753859898728,121.142670512327,52.6017191994061,346.903938645662
0_0006.jpg,0,6.35259194408863,172.435981211312,72.83361884024,354.688776238671,,0_0374.jpg,0.0,5.34996386612091,134.977409290104,57.7880636158141,349.149725289454
0_0007.jpg,0,6.52106751855666,173.03749128121,72.7644475797808,351.821350451951,,0_0375.jpg,0.0,5.03726176160765,135.353347469594,58.8288305987022,353.086358265178
0_0008.jpg,0,6.34063731896337,170.886436130335,72.017014390581,353.323722894814,,0_0376.jpg,0.0,5.44171633676104,133.918958675002,57.4977002193487,348.05422755211
0_0009.jpg,0,6.38146066624654,169.289883977022,71.7449323443352,353.401470685208,,0_0377.jpg,0.0,5.88591576243102,128.983812894054,54.1107074342429,299.124328968618
0_0010.jpg,0,6.54168290126381,172.508021928705,72.5717635379279,349.429038984696,,0_0378.jpg,0.0,5.42437357979452,131.678231492246,55.4114891925449,249.516812937333
0_0011.jpg,0,6.44079108751429,172.931272718215,72.3354388158475,342.247173964457,,,,,,,
0_0012.jpg,0,6.22022379807628,170.794900002641,71.5443845558985,338.742894476978,,,,,,,
0_0013.jpg,0,6.28046313815322,167.729887555353,70.0686014534469,338.812401368583,,,,,,,
0_0014.jpg,0,6.2387644037557,170.933031289119,71.7921818548065,340.457153838436,,,,,,,
0_0015.jpg,0,6.35609868051888,169.989533973981,70.6337030371394,337.037214802796,,,,,,,
0_0016.jpg,0,5.23264832091298,126.639365299068,51.67089793773,335.378913999309,,,,,,,
0_0017.jpg,0,5.39208751435838,126.585022972777,52.0755149885239,336.859435673082,,,,,,,
0_0018.jpg,0,5.06847247908638,125.948302643521,51.6134295350059,333.912814080805,,,,,,,
0_0019.jpg,0,5.25802974060501,125.912206361797,51.4359320528191,335.747942250549,,,,,,,
0_0020.jpg,0,5.42220791683476,126.921473491046,52.4454452401356,338.089598143274,,,,,,,
0_0021.jpg,0,4.98658761595382,120.778598153284,49.1024238194341,369.662559245643,,,,,,,
0_0022.jpg,0,5.0262108580157,122.885639574151,49.924194837389,369.984549685715,,,,,,,
0_0023.jpg,0,4.97409509533504,124.580858740679,50.9184194093309,369.67126454228,,,,,,,
0_0024.jpg,0,4.92750123732173,124.80036644915,50.9014956786868,368.730913452277,,,,,,,
0_0025.jpg,0,5.05397046678952,123.405367360439,50.7166698512968,368.458700130823,,,,,,,
0_0026.jpg,0,5.09598209153561,124.143940472653,50.9949249161645,368.190213412774,,,,,,,
0_0027.jpg,0,5.261904398141,122.34759404258,50.1003296710666,368.94739060157,,,,,,,
0_0028.jpg,0,5.11151467166342,124.611283203261,51.5310604562468,367.765476406111,,,,,,,
0_0029.jpg,0,5.0299417355003,122.934412097088,50.5589807821595,367.937681697788,,,,,,,
0_0030.jpg,0,4.97170646351926,125.398294426836,51.3669962449993,366.833570565682,,,,,,,
0_0031.jpg,0,5.05366335370826,122.880422120389,50.3830210889894,366.494179349294,,,,,,,
0_0032.jpg,0,5.05195998236275,124.635635400668,51.1086314026417,366.50697838517,,,,,,,
0_0033.jpg,0,2.47746364219499,44.4460430220383,20.1895991165282,339.629177172277,,,,,,,
0_0034.jpg,0,2.91870116601708,53.026860435015,23.6077675013298,341.312799218945,,,,,,,
0_0035.jpg,0,3.39262950881292,47.8431508084874,21.3557003134982,344.935298834038,,,,,,,
0_0036.jpg,0,3.25697461132473,41.0512322381921,18.3782828342096,343.369271125262,,,,,,,
0_0037.jpg,0,2.81860886475288,46.4812166224513,21.1391048646138,340.156541438334,,,,,,,
0_0038.jpg,0,3.01167667382807,47.9118539777638,21.9993128140966,340.765528631102,,,,,,,
0_0039.jpg,0,2.5965313033429,41.8663838685988,19.2745750204068,339.407643635149,,,,,,,
0_0040.jpg,0,2.94271406255024,47.1701837556057,21.6466368716638,343.164661444922,,,,,,,
0_0041.jpg,0,2.77140606961354,48.8802496818857,22.7787536628028,339.999342169531,,,,,,,
0_0042.jpg,0,2.37868864827382,43.0046286271598,19.2339348006315,344.429831356637,,,,,,,
0_0043.jpg,0,2.4212625978959,39.5907591366248,17.0817508945198,348.392689102136,,,,,,,
0_0044.jpg,0,2.58956099233379,39.5655695207411,17.1951894858858,346.135659288257,,,,,,,
0_0045.jpg,0,2.80397701553085,54.7729496474911,23.049972826188,334.791403972671,,,,,,,
0_0046.jpg,0,2.31754095661742,55.7682950488271,24.3054101680194,335.262022348988,,,,,,,
0_0047.jpg,0,2.49340839220266,55.5689683998096,24.0330135356158,333.349599366826,,,,,,,
0_0048.jpg,0,2.24215584271504,55.3209709591414,24.3882591480115,336.665187923302,,,,,,,
0_0049.jpg,0,6.27903161415145,169.029756883982,70.0282293191439,339.376488727723,,,,,,,
0_0050.jpg,0,6.20913024536109,171.67196478289,71.2343605602443,339.455308648333,,,,,,,
0_0051.jpg,0,5.90479597341168,162.773014180794,67.8350387785819,350.114059964799,,,,,,,
0_0052.jpg,0,5.89457359071182,164.090619670072,68.4514655259087,351.235724549817,,,,,,,
0_0053.jpg,0,5.81480891451751,163.514042088718,67.6533712980687,343.405347138342,,,,,,,
0_0054.jpg,0,5.10641730806595,129.517519685783,52.9025382646727,319.714939988515,,,,,,,
0_0055.jpg,0,5.0823143321651,131.05759959086,53.7970360798669,320.833168018578,,,,,,,
0_0056.jpg,0,5.07994339542915,129.533394917091,52.9163000314871,320.818593492536,,,,,,,
0_0057.jpg,0,5.43290203991508,126.821898698507,52.9794975848129,353.713171309417,,,,,,,
0_0058.jpg,0,4.81578701884299,125.228182547176,51.5528395149344,356.211018919416,,,,,,,
0_0059.jpg,0,4.87702163399341,125.681032700004,52.0202165039097,357.671145347114,,,,,,,
0_0060.jpg,0,5.19908444947048,123.44687350546,50.5831547122674,359.609564042178,,,,,,,
0_0061.jpg,0,4.96938754519719,125.430946363089,51.9876834788546,359.561779601315,,,,,,,
0_0062.jpg,0,5.05886269018522,123.944163620899,51.1721900649242,360.26689996781,,,,,,,
0_0064.jpg,0,3.46597935941277,56.0550949695715,23.3155505194204,291.795151192833,,,,,,,
0_0065.jpg,0,3.05133484197968,54.5187931742405,22.7879651692807,292.875658365519,,,,,,,
0_0066.jpg,0,5.12686047004238,128.880786832774,53.4137318942801,336.180408793844,,,,,,,
0_0067.jpg,0,5.20058296263924,130.081917381252,53.8614323017848,335.403194502088,,,,,,,
0_0068.jpg,0,5.07441776899308,128.764501865243,52.9727115202872,332.13215012939,,,,,,,
0_0069.jpg,0,5.47511977213395,132.597046378881,55.0987193200333,331.548267110277,,,,,,,
0_0070.jpg,0,5.42267738400795,133.335891126779,55.4649456736863,331.597988079761,,,,,,,
0_0071.jpg,0,5.21099285898039,128.628742327377,52.599368975858,289.163152230968,,,,,,,
0_0072.jpg,0,5.14300322339765,130.70439279558,53.6256943346403,289.391188413347,,,,,,,
0_0073.jpg,0,5.75884508253213,149.337185157859,61.5352492095223,337.777295311582,,,,,,,
0_0074.jpg,0,5.67953382545066,145.705718685519,60.1290328089172,339.182290007867,,,,,,,
0_0075.jpg,0,5.72095027198197,146.081855028141,60.1522593439718,341.055355746635,,,,,,,
0_0076.jpg,0,5.81010685062731,147.354091690371,60.4716876142945,338.277076472743,,,,,,,
0_0077.jpg,0,5.71321336815904,146.656649397696,59.7737122145906,339.707986647422,,,,,,,
0_0078.jpg,0,5.69155163633014,147.414921352854,60.090395358012,341.880480364336,,,,,,,
0_0079.jpg,0,5.67440438952533,147.580936577401,60.0799070025906,341.081193383147,,,,,,,
0_0080.jpg,0,5.74231106600582,148.570898285483,60.7293683175836,340.756652339099,,,,,,,
0_0081.jpg,0,3.85067592143372,87.8318707653825,37.3754837216326,410.036119737051,,,,,,,
0_0082.jpg,0,3.83033578849319,89.5911956177507,38.4154089994043,405.033926436839,,,,,,,
0_0084.jpg,0,4.33156755460999,96.2952139437481,40.9313688161274,412.644173411608,,,,,,,
0_0085.jpg,0,3.81839767905156,62.6707637198445,25.7888888043219,345.226950747059,,,,,,,
0_0086.jpg,0,3.70452695975764,37.7430350618819,14.1476481726336,336.803382664205,,,,,,,
0_0087.jpg,0,2.93292160105078,53.8673009837527,23.04854549515,380.464595258155,,,,,,,
0_0088.jpg,0,4.07761115582798,56.7615922996738,23.1714332950889,387.306229970955,,,,,,,
0_0089.jpg,0,2.75376588657992,58.7933665877462,24.932726731837,386.169442412521,,,,,,,
0_0090.jpg,0,14.3527717881977,325.913505366394,139.309509865259,449.898954174544,,,,,,,
0_0091.jpg,0,14.4404027913099,322.809948551015,137.267797189513,461.650296872497,,,,,,,
0_0093.jpg,0,13.9186557679706,330.170319815826,140.170694519808,445.931537893279,,,,,,,
0_0094.jpg,0,14.3065448618508,328.817446605617,139.766134328315,451.881134158756,,,,,,,
0_0095.jpg,0,12.820088108611,271.857072933519,113.880016920885,444.944355198865,,,,,,,
0_0096.jpg,0,13.090344524936,290.97554346902,123.193196017226,447.937635980996,,,,,,,
0_0097.jpg,0,13.889143114273,324.920972356005,138.777006438029,446.03871932755,,,,,,,
0_0098.jpg,0,13.315038394691,308.35845748689,129.278577782052,443.579327495211,,,,,,,
0_0099.jpg,0,13.4977065337094,311.605177240584,134.156952920802,440.935760052507,,,,,,,
0_0100.jpg,0,12.8413217915118,271.19185002764,113.451798531394,438.832668042084,,,,,,,
0_0101.jpg,0,13.0242130073716,283.178340698182,120.587334215946,447.042137611253,,,,,,,
0_0102.jpg,0,14.1937322252785,289.465135362003,119.785584744483,447.948209812354,,,,,,,
0_0103.jpg,0,13.2590058109182,273.716071887212,112.57671424135,432.580019252916,,,,,,,
0_0104.jpg,0,13.8343361293693,286.537035206266,119.453695412993,427.446544538896,,,,,,,
0_0105.jpg,0,14.0501245475402,287.222337479434,120.291154087922,425.329670805736,,,,,,,
0_0157.jpg,0,5.53479574280819,129.883012665046,55.6630182656759,311.981310505817,,,,,,,
0_0158.jpg,0,5.8277720160719,129.652505189753,55.4941462991178,317.925835048482,,,,,,,
0_0159.jpg,0,5.48274701818837,130.635073375793,55.4734738063851,306.266177179301,,,,,,,
0_0160.jpg,0,5.55887397426615,130.173287190454,55.4537682043935,309.229004050646,,,,,,,
0_0161.jpg,0,5.47216352314318,128.935054602306,54.9957525796528,309.678274250627,,,,,,,
0_0162.jpg,0,5.74282561157114,129.270550340048,53.6289484901636,280.207452461568,,,,,,,
0_0163.jpg,0,5.90883631660282,127.262083502367,53.1524682745632,280.434961159363,,,,,,,
0_0164.jpg,0,5.51843381461147,127.487756161434,53.0511388509783,251.537205446725,,,,,,,
0_0165.jpg,0,5.87790884356995,129.741660656491,53.99785093358,253.817674780464,,,,,,,
0_0166.jpg,0,5.54093924140124,130.819391410428,54.6944950744125,287.528301178692,,,,,,,
0_0167.jpg,0,5.85842742918727,132.308367614441,55.1585304668472,287.799152453731,,,,,,,
0_0168.jpg,0,5.46716673458188,127.045737322167,52.8884431622568,255.976931767022,,,,,,,
0_0169.jpg,0,5.64457173468303,127.443884961359,52.9168130354826,256.213062128147,,,,,,,
0_0170.jpg,0,5.75545162568138,125.13090599951,52.0147487285621,253.509802197733,,,,,,,
0_0171.jpg,0,5.47542116102663,128.260969953116,53.2952971953673,252.513944441972,,,,,,,
0_0172.jpg,0,5.11717905823681,125.651171079194,52.3181330778456,264.498919944811,,,,,,,
0_0173.jpg,0,5.82977837797948,125.648788132501,52.371445311442,275.439036337238,,,,,,,
0_0174.jpg,0,5.28741461625786,126.843772265101,52.850678645276,283.095043249396,,,,,,,
0_0175.jpg,0,5.37495578091259,129.309324413496,53.6466032022804,292.10820039889,,,,,,,
0_0176.jpg,0,5.35266587730638,126.996829013918,52.7641023736237,290.646740750078,,,,,,,
0_0177.jpg,0,5.43274438235792,126.283021209938,52.0866998650198,283.886224565753,,,,,,,
0_0178.jpg,0,5.25515367754839,124.263901995129,51.2529136357286,277.699472885765,,,,,,,
0_0179.jpg,0,3.30902397407946,102.50275234388,45.8451873130374,314.328997745243,,,,,,,
0_0180.jpg,0,3.05306652942392,103.044980904077,46.3115566662782,314.299336202215,,,,,,,
0_0181.jpg,0,4.15000324064325,113.005433616265,50.4359200922658,318.944564039115,,,,,,,
0_0182.jpg,0,3.93836104549942,102.388150978166,44.6801627561034,319.100395455018,,,,,,,
0_0183.jpg,0,4.12750074717768,98.7784959677476,43.2527540536837,323.77709136201,,,,,,,
0_0184.jpg,0,4.08680762913404,104.280738887022,45.5275356863968,324.881660687998,,,,,,,
0_0185.jpg,0,3.96443688046145,108.199475300826,47.9216107760238,322.808666344057,,,,,,,
0_0186.jpg,0,3.59571707103992,103.706874905605,46.7559615236612,314.662756589565,,,,,,,
0_0187.jpg,0,3.46449834139465,98.9953081298849,43.8326414533212,354.749884372755,,,,,,,
0_0188.jpg,0,3.63877695328915,101.712405204966,44.7263315333293,345.434946057093,,,,,,,
0_0189.jpg,0,3.54738244339464,105.96312563991,46.9438871654667,344.448796702644,,,,,,,
0_0190.jpg,0,3.46672861032459,102.546349055131,46.1294568191135,316.042483734723,,,,,,,
0_0191.jpg,0,3.26084309600885,103.192093044711,46.7715849710182,314.341309759663,,,,,,,
0_0192.jpg,0,2.84032103034709,88.5321578633302,39.9016355948517,274.518599836159,,,,,,,
0_0193.jpg,0,3.30989733823023,89.1761511104543,40.0935582721055,277.54003439265,,,,,,,
0_0194.jpg,0,3.26592741081828,89.5842716308061,40.3196916623005,281.451570442595,,,,,,,
0_0195.jpg,0,2.96054689855441,90.60076013178,40.839261312693,257.43790900726,,,,,,,
0_0196.jpg,0,2.89429834611754,90.4081088725378,41.1779043332955,280.567091714576,,,,,,,
0_0197.jpg,0,3.45756403912381,88.6399877676883,39.7117846382834,286.309666162296,,,,,,,
0_0198.jpg,0,3.48326023169386,93.3174131210499,41.9110693620591,289.918552013358,,,,,,,
0_0199.jpg,0,3.2717376699774,84.8613419987993,37.5922069285032,289.054804687813,,,,,,,
0_0200.jpg,0,3.37535797244248,86.5249072149841,38.5224028569395,289.333544476154,,,,,,,
0_0201.jpg,0,4.20200114206695,80.7869195035822,35.3635762471499,292.992088697966,,,,,,,
0_0202.jpg,0,2.95750476413475,89.0367052833746,40.3662451643089,262.927900346849,,,,,,,
0_0203.jpg,0,3.7880286536013,86.1714877308872,38.3235233985251,292.379175642475,,,,,,,
0_0204.jpg,0,3.8114543315722,85.7953469924232,38.3142724685146,293.302632158419,,,,,,,
0_0205.jpg,0,4.07547584377662,80.330133859406,35.0282502855851,296.085305108306,,,,,,,
0_0206.jpg,0,4.01600599361728,81.8171110151188,36.0112653124297,294.67175041853,,,,,,,
0_0207.jpg,0,3.80184895064669,76.5607379115439,33.2309228226285,294.690949588229,,,,,,,
0_0208.jpg,0,3.37142724017578,75.1038540515285,33.015976196802,293.238469031141,,,,,,,
0_0209.jpg,0,4.00757565903448,75.7404780558335,32.4977903189326,297.714478782213,,,,,,,
0_0210.jpg,0,4.05092290774575,78.7211225274708,34.2303468233772,300.26608018748,,,,,,,
0_0211.jpg,0,3.63244720374704,80.639915259743,35.8401581223444,298.00065427508,,,,,,,
0_0212.jpg,0,3.29134372754123,79.2258368529391,35.2947090085394,296.75956436315,,,,,,,
0_0213.jpg,0,3.26289474698809,81.4239919769685,36.2997238358492,256.990574196553,,,,,,,
0_0214.jpg,0,3.10039334526203,92.1380627679945,41.0347898307848,261.218300716655,,,,,,,
0_0215.jpg,0,3.62917640146294,82.3120532129153,36.336639195659,295.680433122889,,,,,,,
0_0216.jpg,0,3.17871039004891,82.5360860061737,36.9674084530345,275.747488766652,,,,,,,
0_0217.jpg,0,3.25386627301062,82.8459528423686,37.039391708689,298.595882726019,,,,,,,
0_0218.jpg,0,2.95822088346504,83.0860812266321,36.9037013041648,295.43632657439,,,,,,,
0_0219.jpg,0,2.90869222921555,76.9051016286312,33.3727716738676,293.354501561998,,,,,,,
0_0220.jpg,0,3.09354457678465,77.8974645266893,33.8934997339625,293.692255394322,,,,,,,
0_0221.jpg,0,2.85931051802653,76.5002246314673,33.5106302935971,292.415111087721,,,,,,,
0_0222.jpg,0,3.0561143712451,71.8914661736342,30.8246494537731,293.555645993593,,,,,,,
0_0223.jpg,0,3.18838247517401,70.0810526215644,30.0838781908048,294.484564271695,,,,,,,
0_0224.jpg,0,2.71473964425766,74.7748588631036,32.7977113628197,290.450611956803,,,,,,,
0_0225.jpg,0,2.57408291259039,76.6003580875549,34.3601405925886,289.920199414639,,,,,,,
0_0226.jpg,0,3.19214809181885,79.9517607840095,35.0052527281926,290.52228763002,,,,,,,
0_0227.jpg,0,3.71630410112798,95.972348889159,42.9592880695533,275.152821835001,,,,,,,
0_0228.jpg,0,2.89368775518544,76.6110676716598,33.8746063578933,289.883169150925,,,,,,,
0_0229.jpg,0,2.94422151334958,76.9263431322688,33.6610750959548,292.18587179297,,,,,,,
0_0230.jpg,0,3.23728769614548,75.2424430233368,32.5104712799584,291.739913944488,,,,,,,
0_0231.jpg,0,3.62009547872135,95.1366743381748,42.5036460263273,277.431849335379,,,,,,,
0_0232.jpg,0,3.71326383183342,81.2303560354691,35.2920397599011,276.633187568832,,,,,,,
0_0233.jpg,0,3.43857877393082,89.7532980409987,39.8066389183626,273.779327481439,,,,,,,
0_0234.jpg,0,3.58915415245942,88.2565952833411,39.573158195858,276.177675053803,,,,,,,
0_0235.jpg,0,3.59237119532047,83.0769927189357,36.9941188677225,276.78913940167,,,,,,,
0_0236.jpg,0,3.66240615966936,88.3779153096854,39.5114521397143,277.878672378041,,,,,,,
0_0237.jpg,0,3.25262675656843,89.0518644570674,40.0183701845673,277.514546027336,,,,,,,
0_0238.jpg,0,3.18672242721507,83.7776189878089,37.3785360395516,260.216464083812,,,,,,,
0_0239.jpg,0,4.03041330768172,84.8548105201047,37.0450817854201,282.692751281058,,,,,,,
0_0240.jpg,0,3.51859605017546,86.0576646822667,38.4317540015245,283.455718308567,,,,,,,
0_0241.jpg,0,1.60184719404077,38.8739258655009,17.515417471583,268.489708056174,,,,,,,
0_0242.jpg,0,1.74955444209341,38.6848079656505,17.1428941503044,264.890971354641,,,,,,,
0_0243.jpg,0,1.75547695950247,48.9814187613895,21.986868178501,262.833843809617,,,,,,,
0_0244.jpg,0,3.78767256459096,86.5989448652469,35.3886399460284,321.577135250312,,,,,,,
0_0245.jpg,0,3.84774448124264,95.7087707564828,40.1746964134573,323.610192381985,,,,,,,
0_0246.jpg,0,3.83207543763426,90.7395892979808,37.4072695497979,322.462239901605,,,,,,,
0_0247.jpg,0,3.83560103000035,90.9084868379692,37.7766991418238,323.409451747864,,,,,,,
0_0248.jpg,0,3.85132391715953,89.7272330072753,36.9581964112388,322.921408251856,,,,,,,
0_0249.jpg,0,4.01854596326213,88.2080366536153,36.07115930034,322.756669490437,,,,,,,
0_0250.jpg,0,6.01739375663001,131.298956011593,54.9985251245503,298.64817558761,,,,,,,
0_0251.jpg,0,5.69577654608332,132.941174338554,55.0086365959958,246.717515455378,,,,,,,
0_0252.jpg,0,6.33822082547216,131.489353400441,55.1130815278659,260.345770330747,,,,,,,
0_0253.jpg,0,5.43999584408977,131.002183471774,57.4362629296448,326.571401791378,,,,,,,
0_0254.jpg,0,6.0875879651736,130.255698969598,54.2515273403678,338.457696690567,,,,,,,
0_0255.jpg,0,5.55853643529139,130.691423896939,56.8996579196448,323.185989595502,,,,,,,
0_0256.jpg,0,5.82531484411109,130.543884234246,54.4048599223123,332.696766358889,,,,,,,
0_0257.jpg,0,5.70980639640532,129.951089012259,56.1763393398227,320.02148818427,,,,,,,
0_0258.jpg,0,6.32465982003039,122.502157062742,49.4164856839162,323.490086410971,,,,,,,
0_0259.jpg,0,5.6992407765989,129.016745146725,55.2497487194807,314.068957451883,,,,,,,
0_0260.jpg,0,6.01046833126336,130.703595472666,54.9137834292062,298.978216626351,,,,,,,
0_0261.jpg,0,6.20986640487764,129.898943299643,54.2821975643784,259.887313720325,,,,,,,
0_0262.jpg,0,5.38889275010579,132.178348156359,56.9544282124573,311.580876938553,,,,,,,
0_0263.jpg,0,5.49626980507579,130.256991854467,55.6691156482968,308.322610467658,,,,,,,
0_0264.jpg,0,5.37828626047286,130.153535581555,55.5712823867427,305.063123010137,,,,,,,
0_0265.jpg,0,5.22078465463218,130.976905034384,55.1794299581495,304.622275643775,,,,,,,
0_0266.jpg,0,5.0660400745374,130.966186131691,55.8077621459982,300.648614343472,,,,,,,
0_0267.jpg,0,5.25073323154029,129.58256660029,54.5091074175684,299.623161954355,,,,,,,
0_0268.jpg,0,5.11472931318394,130.441753524895,55.7378942376925,298.28192129036,,,,,,,
0_0269.jpg,0,5.09329181226622,129.020469722782,54.8949428401159,299.171130684328,,,,,,,
0_0270.jpg,0,6.13134030519206,130.820575673593,54.7568645826683,298.678084628469,,,,,,,
0_0271.jpg,0,6.15476020517743,130.542509925438,54.7677041670462,262.38587122351,,,,,,,
0_0272.jpg,0,5.34292188054264,130.679059629603,55.3737961113792,298.714684721802,,,,,,,
0_0273.jpg,0,5.31008882135709,131.012290336969,55.3135920718417,298.834223121333,,,,,,,
0_0274.jpg,0,5.21669320140948,128.848748393539,54.4036225433281,300.614275136229,,,,,,,
0_0275.jpg,0,5.13317535960617,129.578764307928,54.9720957229557,301.692636112652,,,,,,,
0_0276.jpg,0,5.13015117456177,131.187816224087,55.3986067580456,304.244050604815,,,,,,,
0_0277.jpg,0,5.11353873881104,129.057739688454,54.2915172052642,305.084199073953,,,,,,,
0_0278.jpg,0,4.85451255100297,129.140575777008,54.5653786192832,306.070174301591,,,,,,,
0_0279.jpg,0,6.11229925703801,132.65652836638,55.2961896959297,298.125704020902,,,,,,,
0_0280.jpg,0,5.70051596622791,134.371957619823,56.6380851293877,264.862075525791,,,,,,,
0_0281.jpg,0,4.97599454318254,129.70262391627,54.7628494515079,307.042973900964,,,,,,,
0_0282.jpg,0,5.18685187187301,133.062638295142,56.4830233704088,309.550838575347,,,,,,,
0_0283.jpg,0,5.15200652544804,132.539780206282,55.9468649302617,311.274079499592,,,,,,,
0_0284.jpg,0,5.23239322949889,132.811612560558,55.8040647404542,313.125408961589,,,,,,,
0_0285.jpg,0,5.30621784567101,134.968756814019,57.1358149964201,315.740334704318,,,,,,,
0_0286.jpg,0,5.26389770053326,133.48991418098,56.1804244828394,317.670566991042,,,,,,,
0_0287.jpg,0,5.13393561408596,131.91008422234,56.0049707099708,320.296460675999,,,,,,,
0_0288.jpg,0,5.03484026120696,132.840312852193,55.8334523598737,322.650520060845,,,,,,,
0_0289.jpg,0,5.09764619929493,132.976075592554,56.2473241469134,326.356470109519,,,,,,,
0_0290.jpg,0,5.09512150860524,130.800166448681,55.4156964490292,328.585086125034,,,,,,,
0_0291.jpg,0,6.07552165462221,131.274697524858,54.9837946412687,297.34852898944,,,,,,,
0_0292.jpg,0,5.69005210288425,132.326658795348,55.2971903570541,263.758416632826,,,,,,,
0_0293.jpg,0,5.09390688848577,130.891327938201,55.2294200092586,331.627186176173,,,,,,,
0_0294.jpg,0,5.9769341714458,131.129759834181,55.2199869056632,297.000105968386,,,,,,,
0_0295.jpg,0,5.64876652606634,132.736106168348,55.8970434845174,265.677571787337,,,,,,,
0_0296.jpg,0,5.69320363007032,136.702989750414,57.2779172110837,280.436827871871,,,,,,,
0_0297.jpg,0,5.91705517605589,138.110433128925,58.3430198261494,280.719665748266,,,,,,,
0_0298.jpg,0,5.80652339212365,135.574966195939,56.800109403395,280.081599297569,,,,,,,
0_0299.jpg,0,5.85573288695114,134.551635343631,56.3944577116781,280.350168955047,,,,,,,
0_0300.jpg,0,5.999555904035,137.316096728472,57.64424371828,282.941035535392,,,,,,,
0_0301.jpg,0,5.64819307915589,135.939362984765,57.2369858147797,281.84656517145,,,,,,,
0_0302.jpg,0,5.89181781934668,134.606737199179,56.7023785980446,282.069363359279,,,,,,,
0_0303.jpg,0,5.8957504784168,135.809605847851,57.3096799961555,282.617436828004,,,,,,,
0_0304.jpg,0,5.97557698561119,134.630007233575,56.6308707155868,283.312737057516,,,,,,,
0_0305.jpg,0,5.95176988321868,134.64591715149,56.9591860335096,284.003119337571,,,,,,,
0_0306.jpg,0,5.95862865289885,130.814843195628,54.6835708386844,300.309610988583,,,,,,,
0_0307.jpg,0,5.53912094785548,131.88980565569,55.9015247915269,248.705715982242,,,,,,,
0_0308.jpg,0,5.18733453864286,132.67948240251,57.6150376759015,271.826320975366,,,,,,,
0_0309.jpg,0,6.0570028344697,131.156208992328,55.1942491856486,297.61117336945,,,,,,,
0_0310.jpg,0,5.68686742709608,131.843714564886,54.9868720066215,264.27952882701,,,,,,,
0_0311.jpg,0,5.92173952780673,132.392337211359,55.6430499075556,282.694541547789,,,,,,,
0_0312.jpg,0,5.9178027905605,134.10700153216,57.0328970687943,284.788678180068,,,,,,,
0_0313.jpg,0,5.96358606830968,132.333412013929,55.9060660272136,284.525118787641,,,,,,,
0_0314.jpg,0,5.89852653316543,131.610562405443,55.9101755402703,285.169135914255,,,,,,,
0_0315.jpg,0,5.82436858601382,131.865417331201,56.1031581289475,284.583455106241,,,,,,,
0_0316.jpg,0,5.80855787871435,132.524659585938,56.2191660430728,285.124271706828,,,,,,,
0_0317.jpg,0,5.90051089781429,130.934457525871,55.1287289323975,285.106791948584,,,,,,,
0_0318.jpg,0,5.72127730752213,130.221414324018,55.4545887054399,286.203409445887,,,,,,,
0_0319.jpg,0,5.58630935464119,129.005769494259,55.4090808044149,286.448937762423,,,,,,,
0_0320.jpg,0,5.80229793866698,128.307248508578,54.6393239032003,286.191176077377,,,,,,,
0_0321.jpg,0,6.00280542755959,134.380010942384,56.4727292728804,297.236118244455,,,,,,,
0_0322.jpg,0,5.60195999755308,132.502895927969,55.6075141930622,266.507190159414,,,,,,,
0_0323.jpg,0,5.46912133575263,127.127265787373,54.2856434583685,287.46157223277,,,,,,,
0_0324.jpg,0,5.64950032838279,128.402796455758,54.3234116511308,287.658256329765,,,,,,,
0_0325.jpg,0,5.63892534461137,127.831803978547,53.6036711276835,287.288751356964,,,,,,,
0_0326.jpg,0,5.612146279556,126.185083391432,53.0682544844458,287.533354696736,,,,,,,
0_0327.jpg,0,2.66337915423701,23.5384422199987,9.5435103320691,303.55350183368,,,,,,,
0_0328.jpg,0,5.82388121485492,125.975091428009,52.9870461331635,288.450259880025,,,,,,,
0_0329.jpg,0,2.68884917402334,14.11268610261,6.00381509816337,313.172810447651,,,,,,,
0_0330.jpg,0,5.80455904595444,128.101151818943,54.0139342195703,288.24038120584,,,,,,,
0_0331.jpg,0,2.5429898587689,60.9868901780879,28.2803176352924,316.402097084631,,,,,,,
0_0332.jpg,0,5.87740389593003,126.851745013252,53.85023099059,287.159796087538,,,,,,,
0_0333.jpg,0,3.06845721772677,77.1028758345166,35.469205725902,323.750881369565,,,,,,,
0_0334.jpg,0,5.97219110310579,130.113880670523,55.1846158574821,287.377491702744,,,,,,,
0_0335.jpg,0,5.95999526444352,127.064918484463,53.2679394333895,288.209269368965,,,,,,,
0_0336.jpg,0,5.58602448840493,130.45503886835,55.7781860797132,317.882410315573,,,,,,,
0_0337.jpg,0,6.14397852203301,134.731169917181,56.9327352824378,298.369457881614,,,,,,,
0_0338.jpg,0,5.62233724595987,131.302671089853,54.6294851067535,265.789766866924,,,,,,,
0_0339.jpg,0,5.19763628222293,132.587515369816,56.5041720348549,311.713830950698,,,,,,,
0_0340.jpg,0,5.26530276884272,130.930045148717,55.4474845043733,307.953979965599,,,,,,,
0_0341.jpg,0,5.25343967321918,132.318280801265,56.0196034590719,303.689818605533,,,,,,,
0_0342.jpg,0,5.12587494886427,131.18490466354,55.8274098573537,300.235941066448,,,,,,,
0_0343.jpg,0,6.17283134825317,135.071013013326,56.4789261208828,295.652471073493,,,,,,,
0_0344.jpg,0,5.4975494572504,136.737681854766,57.4356081152146,265.438107593134,,,,,,,
0_0345.jpg,0,6.0489089534039,133.184601504779,55.9222398644386,297.301779967567,,,,,,,
0_0346.jpg,0,5.54773749691495,133.544213487784,55.9433585956307,265.237893317476,,,,,,,
0_0347.jpg,0,5.98562846244364,134.610312506629,56.4922981738971,294.336859643703,,,,,,,
0_0348.jpg,0,5.66080059623638,132.355995186894,55.1146728340921,265.473888993761,,,,,,,
0_0349.jpg,0,5.81827584594513,131.449392752328,54.9612181034531,293.376905686859,,,,,,,
0_0350.jpg,0,5.56743098254134,134.184734125019,55.9947586277911,265.78337909563,,,,,,,
0_0351.jpg,0,5.79213246569866,134.626045798355,56.6058342141572,294.500912800918,,,,,,,
0_0352.jpg,0,5.91609414207974,133.56184529964,55.8311900971784,263.093003085597,,,,,,,
0_0353.jpg,0,5.6492089826341,132.992676186062,55.6821562773681,293.639228493942,,,,,,,
0_0354.jpg,0,5.41449469166094,131.88618418068,55.1872918076398,257.509279799485,,,,,,,
0_0355.jpg,0,6.02445296910032,132.407835248791,56.0696745515452,311.974946246328,,,,,,,
0_0356.jpg,0,6.1123930145464,134.125765012505,57.394497974129,315.619061804452,,,,,,,
0_0357.jpg,0,5.89959262172803,133.712514390718,56.0416306052344,294.112942652516,,,,,,,
0_0358.jpg,0,5.44716917907308,133.543617078541,56.3065121488497,253.480198393687,,,,,,,
0_0359.jpg,0,6.3866404962862,130.640453589408,55.2174679580979,315.923286831874,,,,,,,
0_0360.jpg,0,5.7478961529206,130.829582808715,55.078926887146,320.939097515641,,,,,,,
0_0361.jpg,0,6.26737122864436,124.89477715005,52.0023482151985,327.668826648825,,,,,,,
0_0362.jpg,0,6.0130852511241,110.92685029554,44.2690769347189,330.687664428459,,,,,,,
0_0363.jpg,0,6.15252825026243,132.814886199559,55.428008173598,300.742204103485,,,,,,,
0_0364.jpg,0,5.38280583369401,133.668172964186,56.071219079875,249.700805629913,,,,,,,
0_0365.jpg,0,5.02137788176303,131.846420374705,58.1396175431945,270.618578165773,,,,,,,
0_0366.jpg,0,5.68737736072331,136.145959134694,57.5146620536934,293.258195492036,,,,,,,
0_0367.jpg,0,5.60835351179942,135.456346599949,56.5640331300701,292.790687548268,,,,,,,
0_0368.jpg,0,5.2131022996519,117.451319912795,50.0231396235848,344.14745900783,,,,,,,
0_0369.jpg,0,5.40934856184638,137.908635812044,57.9176655671703,342.132604383353,,,,,,,
0_0370.jpg,0,5.3397084432542,142.799621655256,60.8857939426231,342.653278412927,,,,,,,
0_0371.jpg,0,5.66126570716932,124.676904951623,52.7507253788724,346.19381613092,,,,,,,
0_0372.jpg,0,5.52121012733055,134.462144892798,57.1911848775585,344.160834126562,,,,,,,
0_0373.jpg,0,5.15753859898728,121.142670512327,52.6017191994061,346.903938645662,,,,,,,
0_0374.jpg,0,5.34996386612091,134.977409290104,57.7880636158141,349.149725289454,,,,,,,
0_0375.jpg,0,5.03726176160765,135.353347469594,58.8288305987022,353.086358265178,,,,,,,
0_0376.jpg,0,5.44171633676104,133.918958675002,57.4977002193487,348.05422755211,,,,,,,
0_0377.jpg,0,5.88591576243102,128.983812894054,54.1107074342429,299.124328968618,,,,,,,
0_0378.jpg,0,5.42437357979452,131.678231492246,55.4114891925449,249.516812937333,,,,,,,
0_0379.jpg,0,5.62237862588111,132.474775486932,56.3369226068359,260.013568280138,,,,,,,
0_0380.jpg,0,5.45128012910752,131.371034258033,55.1549572907345,249.343616082287,,,,,,,
0_0381.jpg,0,5.61426812683859,132.491562618991,56.3401712349523,259.977883407134,,,,,,,
0_0382.jpg,0,5.56118638064348,115.244755493041,46.9940339464131,252.148074538521,,,,,,,
0_0383.jpg,0,0.780797261512807,2.64773377160704,0.376659234041233,293.011488134359,,,,,,,
0_0386.jpg,0,1.22121577064867,10.6337018010734,3.86936001661724,449.298091702634,,,,,,,
0_0387.jpg,0,3.05735888886098,63.567344726962,29.9089171855852,307.468937587171,,,,,,,
0_0393.jpg,0,8.31104579434681,158.402301866713,62.8134159396792,390.239969243322,,,,,,,
0_0394.jpg,0,9.88366248659259,122.854153474234,47.1149961808978,315.215321816382,,,,,,,
0_0395.jpg,0,12.8031980246286,207.683246697865,85.3568666586204,443.256397439563,,,,,,,
0_0398.jpg,0,1.37474106621308,39.4963196568939,19.5918507391788,271.013732685969,,,,,,,
0_0400.jpg,0,11.450060338248,240.499853116737,97.4789249860564,315.828437300943,,,,,,,
0_0404.jpg,0,4.81010096455395,102.114075977849,42.4954969281261,212.715484021826,,,,,,,
0_0405.jpg,0,3.13208571825535,49.9361525991826,18.0508664382332,171.639061605556,,,,,,,
0_0408.jpg,0,5.48625005055608,121.889067366439,50.8339400505073,250.216118998341,,,,,,,
0_0409.jpg,0,0.714538294583095,10.8001732354702,5.2556017133816,353.842922362175,,,,,,,
0_0410.jpg,0,0.786835950679931,9.03021006762011,3.80629650575336,286.11753423271,,,,,,,
0_0413.jpg,0,3.01467809169262,10.068016850302,1.59068576745499,229.365361430642,,,,,,,
0_0416.jpg,0,6.35473509405148,141.552925737924,58.9485165507122,244.284288561294,,,,,,,
0_0422.jpg,0,0.410060333621329,13.4297782961718,6.17697215256002,221.133578462886,,,,,,,
0_0424.jpg,0,2.95942561171179,61.2203961386737,27.7646929830588,306.55505523009,,,,,,,
0_0425.jpg,0,4.66718570285706,98.148257646141,40.5034736175494,206.370791447514,,,,,,,
0_0426.jpg,0,5.70710482303897,122.228246436745,50.1901662125416,253.594372599293,,,,,,,
0_0428.jpg,0,3.12915954348938,14.0117770213952,2.62236111661519,232.055912431755,,,,,,,
0_0432.jpg,0,2.98277905213303,70.0389012859732,29.4277055062226,256.636756862043,,,,,,,
0_0435.jpg,0,11.41139458046,210.256027286131,81.7083001004476,337.863573498745,,,,,,,
0_0437.jpg,0,10.2727864681618,180.897709951372,76.7007534818955,425.90395094,,,,,,,
0_0438.jpg,0,9.55633633233925,172.880865358147,73.2859295609342,417.874855983004,,,,,,,
0_0440.jpg,0,1.19909281349603,44.0062968045918,21.3622258635293,316.821495075281,,,,,,,
0_0444.jpg,0,0.776478147056214,2.65448138053271,0.675522573698637,293.063965090453,,,,,,,
0_0445.jpg,0,2.95942561171179,61.2203961386737,27.7646929830588,306.55505523009,,,,,,,
0_0447.jpg,0,1.38830989970044,17.9849223106235,8.38993721773462,401.479497830375,,,,,,,
0_0448.jpg,0,2.95942561171179,61.2203961386737,27.7646929830588,306.55505523009,,,,,,,
0_0449.jpg,0,1.76276410942767,13.1435192195043,5.27244068381053,360.323967735055,,,,,,,
0_0450.jpg,0,2.0773736439853,15.2906529962507,6.78279580335453,267.687943436601,,,,,,,
0_0451.jpg,0,6.83052017502817,185.973401014301,79.3079696711612,282.857538533971,,,,,,,
0_0452.jpg,0,4.98296831922883,105.012825621622,43.4192779894848,211.033931301892,,,,,,,
0_0453.jpg,0,1.49125107836438,10.7012507510185,4.88867129236039,373.663045346904,,,,,,,
0_0455.jpg,0,5.74369923620702,115.409022343237,46.570793871364,249.997920105598,,,,,,,
0_0463.jpg,0,5.95376618070339,127.768169064165,52.5605148808179,248.541312185563,,,,,,,
0_0464.jpg,0,0.595959598241962,5.72381430722004,2.0732524958808,397.485044573848,,,,,,,
0_0470.jpg,0,6.20747871284188,127.480824363714,52.7064476661483,339.235598406693,,,,,,,
0_0481.jpg,0,1.91919608893098,50.7404609656208,22.1352520090096,330.659930269081,,,,,,,
0_0483.jpg,0,3.42242579572751,86.7539959493429,40.4311979456901,253.227559797771,,,,,,,
0_0487.jpg,0,10.2727864681618,180.897709951372,76.7007534818955,425.90395094,,,,,,,
0_0494.jpg,0,1.71079601563645,3.93361306446186,1.53768916168582,310.466016973273,,,,,,,
0_0496.jpg,0,4.05425346951533,87.1354678965773,35.5528162878739,270.673656707459,,,,,,,
0_0497.jpg,0,4.07682009231231,14.544705659565,3.90369727619827,318.28043573081,,,,,,,
0_0498.jpg,0,2.95691243228078,22.1874649850559,10.3318865762616,294.549231331081,,,,,,,
0_0504.jpg,0,8.10957437936688,177.16253493272,77.3557685489975,432.028975475565,,,,,,,
0_0508.jpg,0,2.43989211451643,20.9813790082272,8.3726020389656,262.956696608413,,,,,,,
0_0518.jpg,0,1.13933039561335,43.8499621473813,20.6270748593985,358.21252051075,,,,,,,
0_0521.jpg,0,6.16585231885928,149.258888580517,61.4848085294889,366.127902715124,,,,,,,
0_0524.jpg,0,8.53240748552662,170.142635039249,69.1430515907393,396.160759324869,,,,,,,
0_0526.jpg,0,2.45412022046015,77.383126238893,35.4311249727827,260.001750130127,,,,,,,
0_0528.jpg,0,0.673901775966571,7.02731627548513,2.89178052424594,437.251355284496,,,,,,,
0_0533.jpg,0,6.56747063260545,148.660681081645,61.0733881785524,413.291253355411,,,,,,,
0_0540.jpg,0,0.864885323034614,6.99306587244327,3.46215135587652,414.82281287658,,,,,,,
0_0550.jpg,0,4.69157779048435,97.6765234303811,40.4569038248469,206.888191023881,,,,,,,
0_0551.jpg,0,4.48505591612678,42.4883871506904,18.311781152718,573.834772058941,,,,,,,
0_0552.jpg,0,10.8935464073469,267.686968688834,111.09466935679,320.901438536487,,,,,,,
0_0553.jpg,0,0.854409695178175,19.5831382364092,8.60185490844697,431.811202061916,,,,,,,
0_0555.jpg,0,3.54272943309225,108.544983225564,49.1838568183539,344.445915292267,,,,,,,
0_0556.jpg,0,3.71337865774466,80.985273391413,32.524228898059,449.958469385122,,,,,,,
0_0557.jpg,0,0.696211235455989,15.1468488036364,6.82019407556922,421.680808661196,,,,,,,
0_0559.jpg,0,4.61144704614287,114.011051184909,48.5956460650659,252.614800559948,,,,,,,
0_0560.jpg,0,11.117388344176,286.092839763599,120.896847121778,320.59425463879,,,,,,,
0_0570.jpg,0,6.81440241185197,103.965618368434,41.4009876077122,318.286958039824,,,,,,,
0_0571.jpg,0,5.17783637432403,105.495192435174,45.7308182848809,364.191906548898,,,,,,,
0_0573.jpg,0,6.99750011230558,154.5034884709,63.5064181386774,391.784028517383,,,,,,,
0_0574.jpg,0,6.78554189525217,182.495939948546,77.6488640819639,290.40035614937,,,,,,,
0_0578.jpg,0,5.93655427666854,132.403546333426,55.0555974628218,369.857938677165,,,,,,,
0_0579.jpg,0,2.36615673331618,68.0885872093519,30.7341345995666,303.552654965701,,,,,,,
0_0580.jpg,0,8.98727338032988,123.403479780493,49.0667883692869,441.751115079783,,,,,,,
0_0585.jpg,0,2.91140604645858,39.6450217664238,14.5474462743687,169.535825710786,,,,,,,
0_0586.jpg,0,2.02135528507178,44.8690949196302,19.1780071162543,306.063893087291,,,,,,,
0_0590.jpg,0,4.64806952862257,110.452292507078,47.9601857943338,384.429281350018,,,,,,,
0_0594.jpg,0,1.02229325971157,11.6791871195522,4.66680783724146,275.708300346038,,,,,,,
0_0601.jpg,0,4.3761589803213,125.601668596419,56.7064431369696,282.982605496701,,,,,,,
0_0613.jpg,0,0.465627463344465,29.4293634774068,13.9532913836322,231.467788462126,,,,,,,
0_0614.jpg,0,3.25010521516911,70.8447762227988,30.5915114975364,192.685650150227,,,,,,,
0_0615.jpg,0,6.354629070539,158.439333578889,68.4982767644509,285.286962143229,,,,,,,
0_0616.jpg,0,8.58260012171786,162.129780031426,63.6796174921381,404.770731977208,,,,,,,
0_0626.jpg,0,3.18981430764197,86.1966954025769,36.9475093195573,303.180890495331,,,,,,,
0_0627.jpg,0,4.87324955400547,113.912338100324,49.4078005886698,352.192632305739,,,,,,,
0_0629.jpg,0,5.04972849611049,117.233222959467,49.3953045826978,304.188190596196,,,,,,,
0_0630.jpg,0,2.20669566705544,62.8234173663736,28.1782474080895,377.854834042458,,,,,,,
0_0631.jpg,0,5.08550793174498,102.76309098717,43.0166663781562,193.327540122214,,,,,,,
0_0632.jpg,0,2.8473398876672,33.0702657963132,14.4733084322564,575.673033216486,,,,,,,
0_0633.jpg,0,4.38061315550764,114.867038719049,49.2423047226737,274.579762664046,,,,,,,
0_0634.jpg,0,6.77545845486464,129.720839866931,50.9160692071359,297.965358354008,,,,,,,
0_0635.jpg,0,10.6436924837615,205.886245455318,81.6669706613792,334.532025334607,,,,,,,
0_0637.jpg,0,8.5998681621995,123.657681713792,51.2434042376185,399.022708759729,,,,,,,
0_0639.jpg,0,1.56555752371995,42.5996362911275,19.422207156828,541.620980957863,,,,,,,
0_0641.jpg,0,0.813779405066774,29.4266780413316,13.8092466065822,415.191796423312,,,,,,,
0_0645.jpg,0,5.75710994308188,115.120499612786,48.677915684731,377.109114087114,,,,,,,
0_0646.jpg,0,1.84081271754362,23.7224604024534,11.3318658752158,388.253606538367,,,,,,,
0_0648.jpg,0,10.0861206756776,260.86416733754,110.742251163909,323.70123468048,,,,,,,
0_0650.jpg,0,5.27151727636344,120.832271948532,51.4837091587204,362.078866566824,,,,,,,
0_0651.jpg,0,4.82627858195007,107.147703313524,45.1030788695101,255.92388610716,,,,,,,
0_0656.jpg,0,3.85680329914973,76.7760178620406,29.6984852896094,267.671163502289,,,,,,,
0_0661.jpg,0,2.91378171331414,44.425909110023,16.1529114878465,394.083919854613,,,,,,,
0_0663.jpg,0,7.12206947813993,110.152671710476,42.6766282466819,318.716771916558,,,,,,,
0_0666.jpg,0,3.94964540200501,127.478427260608,56.8515455192266,166.397536350082,,,,,,,
0_0667.jpg,0,7.20078976446612,131.046727949371,55.3181963098323,323.406966147192,,,,,,,
0_0668.jpg,0,7.10902034209842,193.29763334995,82.4566881147983,285.333295266113,,,,,,,
0_0671.jpg,0,3.94250489316735,83.4105206949989,34.0122336441877,266.244670719139,,,,,,,
0_0674.jpg,0,5.98854653499971,105.965576736673,42.512627836003,203.563497438982,,,,,,,
0_0675.jpg,0,4.29148563435691,88.6895538897759,36.3741776020242,254.517684833224,,,,,,,
0_0676.jpg,0,6.3080682765219,131.969647321309,53.865421214429,430.581973751354,,,,,,,
0_0691.jpg,0,1.91097507434382,40.9843999411049,17.8746759513917,356.872254308343,,,,,,,
0_0692.jpg,0,2.26764819804702,47.9671002175478,20.521240378989,355.046288189456,,,,,,,
0_0703.jpg,0,5.59652540106179,121.676088962256,52.235608948859,413.786600481472,,,,,,,
0_0704.jpg,0,6.12498261164837,117.922149994361,49.8384447518294,409.276308324331,,,,,,,
0_0705.jpg,0,7.75491903197843,116.529190089682,50.4557030005874,406.566585011774,,,,,,,
0_0706.jpg,0,7.39684838966874,124.890270859127,50.8333213579486,399.319375562366,,,,,,,
0_0707.jpg,0,6.36078111335502,124.825213874461,52.0485554867002,405.6361843235,,,,,,,
0_0709.jpg,0,5.56444971682181,118.837591402896,50.501720638331,407.599549776733,,,,,,,
0_0710.jpg,0,5.40994860497919,119.087156798937,51.186433785468,403.373562460747,,,,,,,
0_0711.jpg,0,6.58388892412298,121.103220003982,49.6522143845061,394.733353501938,,,,,,,
0_0712.jpg,0,6.74946452350975,124.654945262802,51.5809200547154,402.648625873504,,,,,,,
0_0713.jpg,0,6.66090988837678,126.440140323172,55.5433643983715,406.115818236707,,,,,,,
0_0715.jpg,0,5.80720883206981,140.251032824957,58.370443772485,299.217797317615,,,,,,,
0_0716.jpg,0,6.22863581637057,140.498174898271,57.7965990098653,302.617944241079,,,,,,,
0_0717.jpg,0,5.60417335945185,136.209371565186,56.9291175280936,282.632565662398,,,,,,,
0_0718.jpg,0,5.87820082256365,138.203540350405,57.4309263489741,295.153195048968,,,,,,,
0_0719.jpg,0,6.20560390671985,147.455341916178,64.6376198674871,294.721969667793,,,,,,,
0_0720.jpg,0,6.36347960237104,143.854608004292,59.0618922335205,303.511582016943,,,,,,,
0_0721.jpg,0,6.09271493418232,142.634778332365,59.4093492785891,292.973953615984,,,,,,,
0_0722.jpg,0,6.34989835824343,139.082643515017,57.5305369754984,301.020514346876,,,,,,,
0_0728.jpg,0,6.50931705307451,153.640465103608,61.6850504901882,330.361096984632,,,,,,,
0_0733.jpg,0,6.66344798784443,153.459720901114,61.5458568678928,334.588824410696,,,,,,,
0_0738.jpg,0,6.8715850843947,153.858102422782,62.0324132891984,333.836404576022,,,,,,,
0_0739.jpg,0,5.91594614894475,156.068547617668,64.2014120176034,329.281136563011,,,,,,,
0_0740.jpg,0,6.2080880963002,155.980591723014,64.0401368571936,328.60381163551,,,,,,,
0_0741.jpg,0,6.37553107652715,156.140853567953,63.111683505737,330.551671296077,,,,,,,
0_0742.jpg,0,6.30947233606501,157.820091931529,64.728133741917,329.56181285879,,,,,,,
0_0743.jpg,0,6.34896601113809,157.203465770188,65.087602900559,336.820622831358,,,,,,,
0_0746.jpg,0,6.70395291811413,153.994724100696,62.0646499406622,335.338325388889,,,,,,,
0_0747.jpg,0,6.70438029317738,153.90506808976,62.1671724821782,335.091353005936,,,,,,,
0_0749.jpg,0,6.47514031932533,152.680570353446,61.9763903686171,333.331033829662,,,,,,,
0_0751.jpg,0,6.52046053219665,155.486393478655,63.2088774797724,330.884164889186,,,,,,,
0_0763.jpg,0,14.6311213283727,111.622800581244,45.0776199115477,355.323878522208,,,,,,,
0_0764.jpg,0,7.23896740162595,114.908654221854,48.3563282887466,347.583026286464,,,,,,,
0_0765.jpg,0,7.09381737667218,105.680914585918,39.5877670668759,342.937576362978,,,,,,,
0_0766.jpg,0,7.28012733876154,118.525977346228,50.4741749037551,345.425029320687,,,,,,,
0_0767.jpg,0,7.0558733364371,113.063152464082,43.5414555760423,345.882054226492,,,,,,,
0_0768.jpg,0,6.78738471054403,108.725907901828,39.9773956222418,343.254832397068,,,,,,,
0_0769.jpg,0,6.42229351574004,91.694843682,33.3998348170322,334.079896061506,,,,,,,
0_0773.jpg,0,7.38210745251806,94.1955925599292,37.1866512241016,357.580279422935,,,,,,,
0_0775.jpg,0,6.86220031985948,103.384775502479,42.3954927001902,332.196401283486,,,,,,,
0_0776.jpg,0,6.28119612587828,111.700244503498,42.6891184167414,331.327657696397,,,,,,,
0_0777.jpg,0,6.93034481313791,117.1703716485,44.6215264993351,329.732064418448,,,,,,,
0_0779.jpg,0,6.73079171474315,98.1962409678938,35.8187157301876,336.525175228944,,,,,,,
0_0780.jpg,0,3.7464488427511,97.1269574141467,41.4564363543977,250.781589636944,,,,,,,
0_0781.jpg,0,3.86218656404884,97.2872848042791,41.6905173631729,251.994899212401,,,,,,,
0_0782.jpg,0,3.810340606316,96.8275303478812,41.4888166319641,254.550837937005,,,,,,,
0_0783.jpg,0,3.85353939230817,98.4830627419254,42.3850519148657,256.607473876314,,,,,,,
0_0784.jpg,0,3.59193621854115,97.4230119861522,42.020929259717,256.946724860657,,,,,,,
0_0785.jpg,0,3.50953412456491,95.0591890710344,40.760843776361,255.21902561268,,,,,,,
0_0786.jpg,0,3.56226649885489,96.6294432671146,41.3584714974829,253.365000135935,,,,,,,
0_0787.jpg,0,3.61579802121221,98.6610080184909,42.8354416793947,252.446132996691,,,,,,,
0_0788.jpg,0,3.64168155383066,97.6487992848692,42.2647996943963,250.341353032121,,,,,,,
0_0789.jpg,0,3.75924208926482,98.5359491171201,42.1574647065784,248.471802708764,,,,,,,
0_0790.jpg,0,3.55351594197437,98.9335278441266,43.0582666838683,248.277205309086,,,,,,,
0_0791.jpg,0,3.47418516230383,97.9886191530945,42.6238655770433,248.342560021591,,,,,,,
0_0792.jpg,0,3.87287632769417,99.4239663767984,42.8854456922803,249.058999759391,,,,,,,
0_0793.jpg,0,3.62190963058483,98.1480214724673,42.8127395956857,247.476411485687,,,,,,,
0_0794.jpg,0,3.91714552584758,94.7321182865559,41.3798594031824,242.185710273256,,,,,,,
0_0795.jpg,0,3.71375532307883,95.3684492593767,41.7897208445477,240.777527425145,,,,,,,
0_0796.jpg,0,3.90179070006372,96.9686819057045,42.5277110544806,241.163299714431,,,,,,,
0_0797.jpg,0,3.95788441367697,100.370372032371,43.2139215023186,238.894460787169,,,,,,,
0_0798.jpg,0,3.64721316630562,95.946689789818,41.5730647344518,240.590624405117,,,,,,,
0_0799.jpg,0,3.89002868701819,98.3213501409372,43.0549944473223,241.436422857392,,,,,,,
0_0800.jpg,0,3.92828566199171,98.6252634813759,42.6760729638465,239.736008267255,,,,,,,
0_0801.jpg,0,3.88500269112602,99.3747181082727,43.733970347179,236.631011434408,,,,,,,
0_0802.jpg,0,4.02917290990962,99.3168259384399,43.6832380012092,236.007002847322,,,,,,,
0_0803.jpg,0,3.70040891214676,99.950126904654,43.1349754330364,236.267587577168,,,,,,,
0_0804.jpg,0,3.82336377520231,100.860202210351,43.4318761514707,239.995650707473,,,,,,,
0_0805.jpg,0,3.68566152958713,100.280944698574,42.833207724249,239.518075849253,,,,,,,
0_0806.jpg,0,3.7170755324146,99.6040882515696,42.4350090057232,239.848596093006,,,,,,,
0_0807.jpg,0,3.18265590846253,85.2321954088352,35.5731449086367,334.585161022958,,,,,,,
0_0808.jpg,0,3.49889718879231,83.546330077205,34.8915626999805,326.069532468125,,,,,,,
0_0809.jpg,0,3.02365569604715,84.2492604455854,34.9539469063676,326.383268319088,,,,,,,
0_0810.jpg,0,3.1032670555042,84.0648260668899,34.8148181849881,325.059090562308,,,,,,,
0_0811.jpg,0,3.32268061584523,83.299679376944,34.9033811388636,323.595287899173,,,,,,,
0_0812.jpg,0,3.27475031832135,83.2632718275841,34.3396058575541,325.043959201648,,,,,,,
0_0813.jpg,0,3.18619415153955,83.9168286712789,35.2315066002003,320.926789099212,,,,,,,
0_0814.jpg,0,3.31318158876919,85.6631378238946,35.6582782834339,321.822976295057,,,,,,,
0_0815.jpg,0,3.32263772509604,86.9125000467674,36.5304813289051,322.351656339773,,,,,,,
0_0816.jpg,0,3.34834233578894,87.9654446166162,36.9816420928243,321.757791333157,,,,,,,
0_0817.jpg,0,3.05663021348964,85.4357330891652,35.850028913455,322.513280193115,,,,,,,
0_0818.jpg,0,3.22368529727829,86.1709627155954,36.1318458615487,322.267605098927,,,,,,,
0_0819.jpg,0,3.31221501661615,85.1687985300121,35.4164129074163,320.793309117473,,,,,,,
0_0820.jpg,0,3.24420854817072,86.2452854816912,36.124550039402,327.851175309402,,,,,,,
0_0821.jpg,0,3.2782563489515,84.1426851694504,35.0726896901133,327.211547984747,,,,,,,
0_0822.jpg,0,3.25228009569244,86.0922515766707,36.0193454073512,325.053215524883,,,,,,,
0_0823.jpg,0,3.22597638547573,86.0076628743393,35.7274414964931,322.680812060482,,,,,,,
0_0824.jpg,0,3.35840537153072,84.2173045948673,35.0099233408467,323.642640932119,,,,,,,
0_0825.jpg,0,3.22946044888245,83.3716673816324,34.301828311359,324.72853356536,,,,,,,
0_0826.jpg,0,3.2183926380044,72.0076439800908,31.570176101246,303.178715112539,,,,,,,
0_0827.jpg,0,3.32695307723633,70.5150906312539,30.7182168557021,300.278061985422,,,,,,,
0_0828.jpg,0,3.07145974061299,68.5974043438063,30.0469686693911,295.98555369698,,,,,,,
0_0829.jpg,0,3.39020362464959,70.5614998401974,30.5552727703852,296.324783122809,,,,,,,
0_0830.jpg,0,3.14580863428347,68.5977502005207,30.0184526249741,297.898728397692,,,,,,,
0_0831.jpg,0,3.16588507331664,67.8416169952794,29.5897609400702,300.963170902389,,,,,,,
0_0832.jpg,0,3.562218260345,67.0811075656333,28.8721550268233,303.417344998079,,,,,,,
0_0833.jpg,0,3.33425776602775,70.6507120218877,30.9143772503733,301.583307293627,,,,,,,
0_0834.jpg,0,2.93108449144481,71.2338065064839,31.4531793431407,304.689046470536,,,,,,,
0_0835.jpg,0,2.9667675054041,71.3230163237163,31.6466970637578,312.387803640907,,,,,,,
0_0836.jpg,0,3.08029787848552,69.9683900861835,30.4612294971127,321.792158152032,,,,,,,
0_0837.jpg,0,2.96926027850558,66.7160219713108,29.1901076478998,324.285826981883,,,,,,,
0_0838.jpg,0,2.59081618332613,61.066484336345,26.6456287546624,378.889070288253,,,,,,,
0_0839.jpg,0,2.51301939786934,64.339360360372,28.4369583618345,376.352232314251,,,,,,,
0_0840.jpg,0,2.8783028526132,63.4799897230605,27.820351897978,385.609410084227,,,,,,,
0_0841.jpg,0,2.75123365780846,63.1456865169663,27.7154902179208,392.932669966754,,,,,,,
0_0842.jpg,0,2.59204607939601,61.8421533352917,27.4638782776633,398.10983572368,,,,,,,
0_0843.jpg,0,4.5255309788683,73.695035048949,30.9019836266495,311.49236612794,,,,,,,
0_0844.jpg,0,4.86462304199385,77.2651592704859,32.6514976745978,303.964832662321,,,,,,,
0_0845.jpg,0,4.63154850412348,78.275169191253,33.1947512094806,254.748611006299,,,,,,,
0_0846.jpg,0,3.51421094444518,80.5706566832132,35.1779362274599,237.11363776794,,,,,,,
0_0847.jpg,0,3.6383979085804,79.9260389820799,34.4749996007251,255.071826286848,,,,,,,
0_0848.jpg,0,4.94654763286474,101.87027146756,43.9173556899439,258.403814097438,,,,,,,
0_0849.jpg,0,5.06721250639874,102.815324883687,45.6508587086731,251.243394244378,,,,,,,
0_0850.jpg,0,6.02127563306251,104.589367191732,44.4004263801771,245.002538047233,,,,,,,
0_0851.jpg,0,4.73224491089487,98.5663305159556,43.2490169606812,233.181640513704,,,,,,,
0_0852.jpg,0,4.88152967312381,100.830616829788,41.8391383853765,217.012205717299,,,,,,,
0_0853.jpg,0,5.21882183558475,108.481556773179,46.7331283536204,193.898534964744,,,,,,,
0_0854.jpg,0,5.27259875484442,111.996067654466,46.2352310570759,188.797695617028,,,,,,,
0_0855.jpg,0,5.85590514047905,114.268399068386,47.2811012496212,199.656241474027,,,,,,,
0_0856.jpg,0,5.90558998734979,121.011894182038,51.3353959890823,234.828616336407,,,,,,,
0_0857.jpg,0,5.76167564414151,121.779810982417,50.9001925602629,261.335236977825,,,,,,,
0_0858.jpg,0,5.34969240207226,123.045824341184,52.0917711551626,257.347961423431,,,,,,,
0_0859.jpg,0,4.77858703287601,124.199862675885,51.8695157601734,224.544691624332,,,,,,,
0_0860.jpg,0,4.71538034753114,125.161587868247,52.9282186897365,192.66397293533,,,,,,,
0_0861.jpg,0,5.04942847894896,120.362299305859,52.0435673950237,167.377423315648,,,,,,,
0_0862.jpg,0,4.99549196876169,115.14141562323,49.8622662633141,175.961802276238,,,,,,,
0_0863.jpg,0,4.73696056048137,109.981817776942,47.4849909100169,198.082232140953,,,,,,,
0_0864.jpg,0,5.05316684633404,121.027050937784,52.4747475617638,242.684983511068,,,,,,,
0_0865.jpg,0,4.86968887419838,120.712346965118,52.8689572132849,251.908016076423,,,,,,,
0_0866.jpg,0,5.01513341297514,120.765046022012,52.33352453657,244.094818922092,,,,,,,
0_0867.jpg,0,4.86102262892295,120.712838935321,52.7850129637263,214.017888866347,,,,,,,
0_0868.jpg,0,4.70042263374473,124.496451741611,54.0992840297477,218.885984110434,,,,,,,
0_0869.jpg,0,5.05217081727838,121.5473255838,52.2396535723331,229.373260328773,,,,,,,
0_0870.jpg,0,5.20522858010982,121.505080008748,52.6500467671785,230.677630407156,,,,,,,
0_0871.jpg,0,4.91236315000146,117.0109387635,50.6619585643031,225.877700739687,,,,,,,
0_0872.jpg,0,3.989379616305,88.7438341131686,36.2782022863357,304.293459375532,,,,,,,
0_0873.jpg,0,4.17817799502077,89.4120207928686,37.0076972203425,297.181180121649,,,,,,,
0_0874.jpg,0,4.14423669023527,87.2858039431819,36.456978797352,293.662066167269,,,,,,,
0_0875.jpg,0,4.13149251327469,84.717095300726,35.0270295965022,297.288648697041,,,,,,,
0_0876.jpg,0,3.81097299975639,83.0162353762111,34.6422037244524,299.7664961042,,,,,,,
0_0877.jpg,0,3.83168579203138,85.4187779096713,35.9075465101456,305.171740531381,,,,,,,
0_0878.jpg,0,3.59444248100137,83.8714900887096,35.0695006675484,309.216721262967,,,,,,,
0_0879.jpg,0,4.36394018370279,86.8809283625941,35.3529047935469,314.077489111643,,,,,,,
0_0880.jpg,0,4.30463819051167,88.6836864971955,36.3058368751049,312.3129739952,,,,,,,
0_0881.jpg,0,4.26981905777827,90.0080834686462,37.6193747063499,311.582054336441,,,,,,,
0_0882.jpg,0,4.11302080595085,89.471161332853,36.8769913807389,310.654130269095,,,,,,,
0_0883.jpg,0,3.67057737756474,84.8858903054801,35.5265179961556,312.157436329539,,,,,,,
0_0884.jpg,0,3.91073216453166,89.1056823858099,36.7889985708848,314.213034309276,,,,,,,
0_0885.jpg,0,4.14208798731115,88.0955764655053,36.8911072287671,315.107367502014,,,,,,,
0_0886.jpg,0,3.81179721392686,87.0838544547082,36.7525379957647,318.017891192656,,,,,,,
0_0887.jpg,0,3.95567749903423,86.5551624620196,35.1988284149238,302.603251200147,,,,,,,
0_0888.jpg,0,4.04808318777068,85.0602306234361,34.2121829778991,303.130275409,,,,,,,
0_0889.jpg,0,3.93000713204385,83.9709230696138,34.346989094436,300.958695036158,,,,,,,
0_0890.jpg,0,4.35698001091598,89.6561338270662,36.8650842508029,297.09020316336,,,,,,,
4_0526.jpg,4,2.70296584337253,54.1614255035667,23.3962855358714,349.332033391129,,,,,,,
4_0527.jpg,4,3.79642316380038,58.9349243500328,24.3301106383,352.798192513994,,,,,,,
4_0528.jpg,4,3.36164130253827,60.8272972310759,25.7560441258211,352.368317542113,,,,,,,
4_0529.jpg,4,3.07464566141651,61.3356285287425,26.3979620108223,351.787974688076,,,,,,,
4_0530.jpg,4,2.96913656454591,58.9559427373873,25.244991914081,352.693708978519,,,,,,,
4_0531.jpg,4,2.88876342434829,54.0932184746561,23.2053101136175,351.62500940995,,,,,,,
4_0532.jpg,4,2.75274540780293,55.1728455165924,23.8602823475689,349.547750545422,,,,,,,
4_0533.jpg,4,3.04008103375921,56.2877557210373,24.3069831177679,351.616721383393,,,,,,,
4_0534.jpg,4,2.72802909551982,58.4119886478785,25.5200366804579,351.81818488893,,,,,,,
4_0535.jpg,4,2.93623610029646,55.6747211074961,23.9905628233824,352.967436159721,,,,,,,
4_0536.jpg,4,3.09643771248089,62.3394355395908,26.6727561288749,353.341167433396,,,,,,,
4_0537.jpg,4,3.18046967122714,62.8956762280418,26.9448625017267,353.68914394774,,,,,,,
4_0538.jpg,4,2.81480221985733,56.5542353018465,24.4254792129814,353.925567132297,,,,,,,
4_0539.jpg,4,3.41154374332109,60.2879834906005,25.4563984678352,356.832109486495,,,,,,,
4_0540.jpg,4,2.82238830234928,55.2214549641895,23.3146647678845,357.388387593555,,,,,,,
4_0541.jpg,4,2.57832362345274,62.6067091343949,27.7186029290169,360.46653962897,,,,,,,
4_0542.jpg,4,3.24560956814861,62.8396053287992,26.8514774053209,366.756245000551,,,,,,,
4_0543.jpg,4,2.88025899791651,59.2074116150677,25.5103934848936,366.339869476269,,,,,,,
4_0544.jpg,4,3.00514083376297,59.7579999261356,25.8828520890042,371.362642819371,,,,,,,
4_0545.jpg,4,3.0645940386046,56.5502716000266,23.9921797730213,375.050822381553,,,,,,,
4_0546.jpg,4,3.21723339932305,58.7936963896309,25.2068966320203,375.767045293579,,,,,,,
4_0547.jpg,4,2.75183220381708,61.8424463102852,27.0436414630559,377.203876348265,,,,,,,
4_0548.jpg,4,2.88063342894917,55.9547961071772,24.0765894285547,379.654829927836,,,,,,,
4_0549.jpg,4,3.1833540741948,63.4327039668703,27.5738684521558,380.345621094754,,,,,,,
4_0550.jpg,4,2.79101585578929,56.6898865748911,24.4901135493049,380.10321065208,,,,,,,
4_0551.jpg,4,3.1236061512869,59.4860636299545,25.5955602302769,383.757213389072,,,,,,,
4_0552.jpg,4,3.46043206414001,57.3710470928778,23.8123986792607,385.585765020584,,,,,,,
4_0553.jpg,4,2.91199496527487,62.2881521606314,26.8320141886661,387.185945730119,,,,,,,
4_0554.jpg,4,3.09996223894335,59.462479034227,25.5198368095027,387.596128596205,,,,,,,
4_0555.jpg,4,2.96039812143454,57.8065908084024,24.9183700937009,389.700582219857,,,,,,,
4_0556.jpg,4,3.06436120986423,55.8715462082058,23.7429770760971,393.303374186698,,,,,,,
4_0557.jpg,4,3.41769552193275,56.8101619658305,23.9809655494905,397.567928204928,,,,,,,
4_0558.jpg,4,3.28661638427758,61.6058520754657,26.2727998949533,398.088522277965,,,,,,,
4_0559.jpg,4,3.01956452068635,60.6639300572217,25.8922799292313,398.891009072901,,,,,,,
4_0560.jpg,4,2.77771864155415,56.2558961917897,24.3825575591931,400.896621024763,,,,,,,
4_0561.jpg,4,2.93952958211324,55.2429335300145,23.6976229323981,400.970015863005,,,,,,,
4_0562.jpg,4,3.77848595546947,54.8537416143874,22.362000031501,407.079599773051,,,,,,,
4_0563.jpg,4,3.43343746187017,61.059432078361,25.8340681697568,405.461736973127,,,,,,,
4_0564.jpg,4,2.9415030836911,61.751909373339,26.9472208494802,402.411083842886,,,,,,,
4_0565.jpg,4,3.52057420975584,57.2385842979234,23.9750763054127,405.649722380692,,,,,,,
4_0566.jpg,4,3.43109028357728,61.8086578875404,26.1199255816676,404.307273284156,,,,,,,
4_0567.jpg,4,3.10810813362235,61.2785927115196,26.2500384465155,403.893192390134,,,,,,,
4_0568.jpg,4,3.12162654487922,62.8544948100413,26.8998985113878,404.855733875032,,,,,,,
4_0569.jpg,4,2.91224572423365,62.2411955792716,27.0828980835687,403.283523579851,,,,,,,
4_0570.jpg,4,2.78104316350921,60.6102743316874,26.5905171572362,402.94769708801,,,,,,,
4_0571.jpg,4,3.20898360318263,60.516771307926,25.724810014856,404.97155086139,,,,,,,
4_0572.jpg,4,3.54551026302535,62.6911578019299,25.9855604282752,407.742033306467,,,,,,,
4_0573.jpg,4,3.19945091874925,59.3233434778712,24.99639046141,405.914411805374,,,,,,,
4_0574.jpg,4,3.0647661512472,62.4716680342341,26.764376725416,403.766173941011,,,,,,,
4_0575.jpg,4,3.53693884907916,63.3825746394568,26.5752114845923,402.764356485909,,,,,,,
4_0576.jpg,4,3.56530121992686,61.0885618428849,25.6735881610653,403.811482361528,,,,,,,
4_0577.jpg,4,2.92251158285001,57.6293480114485,24.7082147698638,398.756184096954,,,,,,,
4_0578.jpg,4,2.91012619742738,52.7564668169842,22.4692705142263,400.099059519161,,,,,,,
4_0579.jpg,4,2.95437547950536,57.1426425986541,24.5191687598228,396.658134873583,,,,,,,
4_0580.jpg,4,3.14130904979244,61.2006323686392,26.4783967340615,395.611612496925,,,,,,,
4_0581.jpg,4,3.08531770265198,56.180114608244,24.1001646847806,394.346661906259,,,,,,,
4_0582.jpg,4,3.372810876572,57.6752541700517,24.1747790653783,395.748047650484,,,,,,,
4_0583.jpg,4,2.8472965433918,53.5437634464868,22.9401366624151,394.416944012106,,,,,,,
4_0584.jpg,4,2.87359514635076,51.2797565356967,21.9756819888667,392.487970566697,,,,,,,
4_0585.jpg,4,3.06458299124379,54.7750770768155,23.2228262166997,393.253715875058,,,,,,,
4_0586.jpg,4,3.13250843855179,53.597948359105,22.6835372114136,393.117812568191,,,,,,,
4_0587.jpg,4,2.9392637478208,55.9109781615041,24.054966568636,392.157528782611,,,,,,,
4_0588.jpg,4,2.84055416319376,51.11898340172,21.9199741880125,393.330859795225,,,,,,,
4_0589.jpg,4,2.96036238275559,54.1891516770617,23.1055001186185,393.551470907238,,,,,,,
4_0590.jpg,4,2.77492728377378,53.473499060065,22.6169331668028,389.720282835306,,,,,,,
4_0591.jpg,4,3.18003130177529,56.0164414673023,23.875311684891,388.496086216137,,,,,,,
4_0592.jpg,4,3.3027154993026,58.7850836450102,24.8712653735354,386.902090848224,,,,,,,
4_0593.jpg,4,3.33358221668039,59.7804876602484,25.5158068127737,383.792215786852,,,,,,,
4_0594.jpg,4,2.83437731359757,59.6602071984445,26.1469964329337,381.996499668008,,,,,,,
4_0595.jpg,4,3.14063772386747,59.1659777095176,25.5500707440304,379.332977960521,,,,,,,
4_0596.jpg,4,2.99661806671315,59.2811367742178,25.9707271415458,376.66968045747,,,,,,,
4_0597.jpg,4,3.34516558209981,57.6608965050229,24.3950362789504,376.521487735299,,,,,,,
4_0598.jpg,4,2.96208823174697,53.1068791496888,22.6740914732019,372.77085356207,,,,,,,
4_0599.jpg,4,2.81499857850848,64.5003210707453,28.4607453905148,368.360682714935,,,,,,,
4_0600.jpg,4,3.03166699700783,61.5486832937497,26.6176112795145,367.367624411767,,,,,,,
4_0601.jpg,4,3.00290468519592,58.418998495502,25.2677414816,363.473214656609,,,,,,,
4_0602.jpg,4,3.0908569745776,59.9855631608243,25.7619449631813,359.069395877425,,,,,,,
4_0603.jpg,4,2.71692543591324,62.2798873944507,26.8681478050135,356.884282726797,,,,,,,
4_0604.jpg,4,2.50947601180391,56.328143817208,24.7317911351156,347.392687987713,,,,,,,
4_0605.jpg,4,2.86429123059633,54.3799258118764,23.3360349887952,343.719401174221,,,,,,,
4_0606.jpg,4,2.84610774792608,55.181559886206,24.0113942426976,339.074031108489,,,,,,,
4_0607.jpg,4,2.85120168581577,55.32577637232,23.8142054095076,336.333303836999,,,,,,,
4_0608.jpg,4,3.06311626825417,64.0638546908155,27.8988921603002,334.764732518643,,,,,,,
4_0609.jpg,4,2.67751896227401,50.5981134809783,21.6960213367012,332.278598226762,,,,,,,
4_0610.jpg,4,2.63777702673714,47.8904535142129,20.5010581636885,331.331158508419,,,,,,,
4_0611.jpg,4,3.10017633990091,49.7108433887949,21.2036766236325,331.955335611759,,,,,,,
4_0612.jpg,4,2.2274273522555,51.1711122281613,22.6378110125786,328.474375455699,,,,,,,
4_0613.jpg,4,3.02848718270153,54.2797942444442,23.3207342608103,326.993894861518,,,,,,,
4_0614.jpg,4,3.01144912775039,45.5614622401366,19.8299915005639,324.30409672345,,,,,,,
4_0615.jpg,4,3.01912133424829,48.6806065676074,21.16693575664,323.600133054111,,,,,,,
4_0616.jpg,4,2.97649770286792,46.2479218173362,19.8100852210167,320.884484236787,,,,,,,
4_0617.jpg,4,3.04430925262411,40.0618374185263,16.7578366527364,318.125093526387,,,,,,,
4_0618.jpg,4,2.95282214224654,40.3325749382021,16.9826066819916,315.39918218474,,,,,,,
4_0619.jpg,4,2.27965017607919,27.050553660352,11.1649304324699,315.958704173752,,,,,,,
4_0620.jpg,4,2.35268796183464,33.4955476818254,14.2403749381574,312.299676233676,,,,,,,
4_0621.jpg,4,2.53146152204559,29.9091239202159,11.8153995405269,314.4775339807,,,,,,,
4_0622.jpg,4,2.27666071221628,29.7380626971207,12.3858751684871,310.425977156128,,,,,,,
4_0623.jpg,4,1.98895759725898,34.8277030601247,15.115004153853,307.632752230198,,,,,,,
4_0626.jpg,4,2.30620923852433,45.7271322648772,19.7500504673922,268.519974277919,,,,,,,
4_0627.jpg,4,1.57450240652761,59.0194228601696,26.8018797160951,268.595820041439,,,,,,,
4_0630.jpg,4,11.902696369739,227.505954330375,95.3936396753532,499.487965636564,,,,,,,
4_0632.jpg,4,12.0242134840177,225.413058060806,93.4303395124422,503.939751129418,,,,,,,
4_0865.jpg,4,3.9168623428672,105.5312560209,44.8339194687341,296.027393948033,,,,,,,
4_0866.jpg,4,3.97707115228545,104.787069806784,45.0541412458009,301.635990292043,,,,,,,
4_0001.jpg,4,5.57253447043889,84.6869892167916,32.6472578309478,284.869407259691,,,,,,,
4_0002.jpg,4,5.68462141048156,94.9514065683598,38.7851247284596,284.994622828646,,,,,,,
4_0003.jpg,4,5.52931073722993,73.0365297670066,27.477627156919,291.078406822573,,,,,,,
4_0004.jpg,4,3.77280931765096,54.0831873940493,21.2344953121185,280.140252578942,,,,,,,
4_0005.jpg,4,3.77280931765096,54.0831873940493,21.2344953121185,280.140252578942,,,,,,,
4_0006.jpg,4,0.654191074677376,46.3053484934278,22.4861142763057,310.929044238408,,,,,,,
4_0007.jpg,4,4.99632094301852,48.6799188491634,20.9422176912529,328.684506517056,,,,,,,
4_0008.jpg,4,6.08021728071936,82.7780111407182,31.9161827100211,325.422747519216,,,,,,,
4_0009.jpg,4,5.70569024337609,88.044411282909,36.2765805612508,327.744333072944,,,,,,,
4_0010.jpg,4,5.12346457628541,112.858562227081,47.6948958029624,328.297303039806,,,,,,,
4_0014.jpg,4,4.74219684474571,91.3172388010693,40.5101083927272,344.163338449739,,,,,,,
4_0016.jpg,4,3.08652414555316,26.3401594728062,9.67111612059317,285.179204729894,,,,,,,
4_0019.jpg,4,4.00866284919071,55.7652478103198,24.1914784099204,333.549444695573,,,,,,,
4_0023.jpg,4,5.69395775714951,96.4859042863075,40.1525505141888,345.801191674028,,,,,,,
4_0025.jpg,4,4.02357286084748,19.3467231413283,6.87246990961411,338.954728283739,,,,,,,
4_0026.jpg,4,5.76904213137606,80.2580477725227,31.1567884845422,332.843354769261,,,,,,,
4_0027.jpg,4,3.34166457489576,31.4387454639436,11.0249275326985,282.360245504068,,,,,,,
4_0028.jpg,4,5.57961668677853,60.8046364991969,25.7163350303322,339.441174161313,,,,,,,
4_0029.jpg,4,4.7870088217576,92.9946458870623,41.9328248020814,338.986676365972,,,,,,,
4_0030.jpg,4,5.47622021722621,71.2329799562215,28.0130897244567,332.955961276679,,,,,,,
4_0031.jpg,4,4.49263563016543,88.9763163522083,35.9982450873842,327.891048754897,,,,,,,
4_0032.jpg,4,6.01408634604618,51.0802539237827,19.0023650700267,340.027128482619,,,,,,,
4_0033.jpg,4,7.6713311706081,62.7001571790771,25.9290883203666,363.177455327052,,,,,,,
4_0034.jpg,4,4.08249084796582,79.4488933690241,32.6564415252253,328.234354378918,,,,,,,
4_0036.jpg,4,8.47714067714908,91.6098416374872,38.8868196467093,339.097594926388,,,,,,,
4_0037.jpg,4,2.97300214614169,67.9056434663577,28.4804284402979,334.078053391801,,,,,,,
4_0038.jpg,4,3.25048864929563,31.6038262472578,11.1505502122771,279.511552608868,,,,,,,
4_0039.jpg,4,6.33326592551546,78.5549151891433,30.0837686736215,324.89605379751,,,,,,,
4_0040.jpg,4,6.79255636969693,75.5171715199214,30.6861182602964,326.992988211266,,,,,,,
4_0041.jpg,4,5.05082334462421,83.0347319605005,32.970588447346,322.868584767463,,,,,,,
4_0043.jpg,4,6.06776008743848,83.072337240881,33.9033702011964,328.316271322295,,,,,,,
4_0044.jpg,4,5.14835512237079,67.743817413426,26.021788639356,326.044631613841,,,,,,,
4_0045.jpg,4,4.07547717347958,84.8620363576802,35.5566885952679,320.803645054871,,,,,,,
4_0047.jpg,4,7.7111121261309,95.1715137332285,39.2520408783614,311.01188396304,,,,,,,
4_0048.jpg,4,4.93000614362885,73.1284384556126,28.2063384640494,319.021555585455,,,,,,,
4_0049.jpg,4,3.22293609883059,37.3836207972516,14.7164805922302,284.306474620597,,,,,,,
4_0050.jpg,4,5.4483587567386,88.4111422354505,35.4646774425089,313.802034299895,,,,,,,
4_0051.jpg,4,5.40458680926467,87.2354792098453,34.9070860990938,319.556352601813,,,,,,,
4_0052.jpg,4,5.34907484545711,85.6467505418632,33.9322264079227,322.136198947651,,,,,,,
4_0053.jpg,4,5.90711851835836,77.3988510840593,29.1857988894661,320.956141440095,,,,,,,
4_0054.jpg,4,5.3415533601968,70.2322171520625,26.4731990884387,322.142749345922,,,,,,,
4_0055.jpg,4,6.07571102762826,97.6658370700852,39.1708282888703,322.698175566321,,,,,,,
4_0056.jpg,4,5.71100262394472,94.8189183852918,38.5782554256134,319.397372105645,,,,,,,
4_0058.jpg,4,5.90944200203714,91.0955600993669,36.9764104593059,323.432371463402,,,,,,,
4_0059.jpg,4,5.49933291946211,89.4896604732166,35.828941838833,324.911194462755,,,,,,,
4_0060.jpg,4,3.16618041918566,15.818309831106,5.201687825964,292.839325290857,,,,,,,
4_0061.jpg,4,6.36547877011438,88.2765104234794,34.948521340028,323.798075990278,,,,,,,
4_0062.jpg,4,6.36592455818189,61.7183711953267,23.3849231443619,325.997577021688,,,,,,,
4_0065.jpg,4,5.42433350282507,45.3792880044304,13.9124317402041,310.648995188499,,,,,,,
4_0066.jpg,4,4.35381168406781,36.2293225215359,10.8347107729509,310.174505330436,,,,,,,
4_0067.jpg,4,5.01148454419725,52.9215011700789,18.5215160733176,305.130023230106,,,,,,,
4_0068.jpg,4,3.86190819204892,18.8286750274367,6.39775382163748,302.073920253266,,,,,,,
4_0069.jpg,4,3.63523880508821,14.2998401889479,3.4002614268076,302.253604259685,,,,,,,
4_0070.jpg,4,1.88194960957825,44.8117800509238,20.1251800463808,299.585189326595,,,,,,,
4_0071.jpg,4,3.15348817085665,4.67618690253713,0.277879782304099,283.104793621999,,,,,,,
4_0072.jpg,4,3.28487386457515,42.0731764800924,16.9875665702069,297.705546461597,,,,,,,
4_0073.jpg,4,1.58901410079737,45.7938123290834,20.2305686858193,300.318504794682,,,,,,,
4_0074.jpg,4,1.97509065387341,36.086615081347,16.9875534798171,295.081816012924,,,,,,,
4_0075.jpg,4,1.64031415290257,25.6150446069969,10.6456386869936,297.431910880623,,,,,,,
4_0076.jpg,4,2.27071949537527,14.8359989345669,5.24843324940634,300.469790678932,,,,,,,
4_0077.jpg,4,2.08031320271552,31.3208020761626,14.4094644740222,299.238263246265,,,,,,,
4_0078.jpg,4,2.31304947154309,33.4803518272252,15.4756827480508,303.001877698195,,,,,,,
4_0079.jpg,4,2.23955905977284,25.6882729616392,11.4214977686861,295.305459649656,,,,,,,
4_0080.jpg,4,2.24473634594596,47.8254271816884,22.9080958510569,296.5758075292,,,,,,,
4_0081.jpg,4,2.53350170539274,43.2852192198301,20.3078603425735,297.842215045623,,,,,,,
4_0082.jpg,4,2.54128048558606,43.1206457425646,20.2478413467496,299.70587338489,,,,,,,
4_0083.jpg,4,3.40079861696119,48.1607520486874,19.4256214923669,305.023397859666,,,,,,,
4_0084.jpg,4,2.38206748744591,27.3153208873032,12.8314216437782,296.795004279549,,,,,,,
4_0085.jpg,4,2.40604523041722,35.3410916701871,16.7703997389886,301.725450394337,,,,,,,
4_0086.jpg,4,2.42065176411184,39.3369234154755,18.3332574746718,301.249290062252,,,,,,,
4_0087.jpg,4,2.42978119350956,33.4209996964474,15.0545033659461,301.16816404076,,,,,,,
4_0088.jpg,4,3.07356476317915,39.9558629271194,18.4772348460855,324.153932256694,,,,,,,
4_0089.jpg,4,3.50223550269759,44.7261814648106,17.6896113018777,321.726342979396,,,,,,,
4_0090.jpg,4,2.83684093231278,17.3084918069315,6.56870929114099,302.356990959349,,,,,,,
4_0091.jpg,4,3.77444340848257,42.1177938742731,16.8158728625116,317.101943673373,,,,,,,
4_0094.jpg,4,5.57215506637743,53.8534024968434,19.4544471972469,311.668937404968,,,,,,,
4_0095.jpg,4,3.14066166887665,54.4807206489887,22.123953873849,289.759006749382,,,,,,,
4_0096.jpg,4,2.87523150768983,66.8466339687844,30.0395252858685,297.494201073616,,,,,,,
4_0097.jpg,4,3.02467615790508,18.4149363728839,6.51908958306746,302.410940541793,,,,,,,
4_0098.jpg,4,3.3354190404297,54.7495761189497,22.1136136190266,294.124468401115,,,,,,,
4_0099.jpg,4,3.76073619941149,67.6385609827609,28.0315744853523,302.975630000907,,,,,,,
4_0100.jpg,4,3.31478677003985,13.8051979114568,2.90561434294411,296.864478005021,,,,,,,
4_0101.jpg,4,3.3504654730508,52.7586459352197,21.586486940241,313.205472163786,,,,,,,
4_0102.jpg,4,2.50063103310755,14.1611148578482,6.92178517083203,300.024805685514,,,,,,,
4_0103.jpg,4,0.721137881523728,74.3990741290558,36.66224409605,279.714463232842,,,,,,,
4_0104.jpg,4,3.09239868156458,49.84220946945,19.9974493249403,290.49539859742,,,,,,,
4_0105.jpg,4,3.36140633006611,44.2212462103666,17.2505903125264,300.606213494385,,,,,,,
4_0106.jpg,4,2.53626365336882,64.5221091363107,30.0366770501915,293.012439695433,,,,,,,
4_0107.jpg,4,2.59183803207879,58.4421731435008,24.9165884014054,289.735688062172,,,,,,,
4_0108.jpg,4,3.67526803315792,112.126959132855,49.574564035206,300.324331066836,,,,,,,
4_0109.jpg,4,5.95142098916033,40.0551050520562,16.00269683919,309.189894822803,,,,,,,
4_0110.jpg,4,1.1027125918179,64.902689559445,31.8641655636338,334.92216307569,,,,,,,
4_0111.jpg,4,2.27765531211102,16.1097386249581,6.76493003962549,333.808623471105,,,,,,,
4_0112.jpg,4,2.63381134517917,31.3573513941751,11.8969196957601,311.487631285398,,,,,,,
4_0113.jpg,4,2.0908898913117,68.0418974307714,30.3030334331583,335.23538361752,,,,,,,
4_0114.jpg,4,2.15845086593701,15.2064117098254,4.3216552842193,325.624674287924,,,,,,,
4_0115.jpg,4,5.1033776966486,46.3616313857011,19.9470166988356,331.169780942809,,,,,,,
4_0118.jpg,4,4.38078744275445,79.3173694088445,33.2072241784081,311.918894181998,,,,,,,
4_0119.jpg,4,2.71933643461219,29.6194188595899,10.8603587749035,279.892021675244,,,,,,,
4_0120.jpg,4,4.324771809482,97.3738347283459,40.2226729051678,282.014074533502,,,,,,,
4_0121.jpg,4,4.5627082854291,89.9477223892388,37.7447399911669,261.416643682345,,,,,,,
4_0122.jpg,4,6.54900880422092,99.3806380354641,40.0255480965755,280.036215978779,,,,,,,
4_0123.jpg,4,3.65609851065356,41.6224434551328,14.9116077131248,306.869993643328,,,,,,,
4_0124.jpg,4,6.69735573691536,116.491785395836,47.8643577542099,307.615281236329,,,,,,,
4_0125.jpg,4,5.26795191076563,101.128461796626,42.6168333139751,318.734595561242,,,,,,,
4_0132.jpg,4,3.2033979264061,71.7163962191708,30.449147206132,406.295972608026,,,,,,,
4_0134.jpg,4,2.74584889538836,36.3112512348446,14.1675773447693,302.460319716336,,,,,,,
4_0136.jpg,4,5.16020388632692,115.8833149673,49.7393966919014,376.169191274988,,,,,,,
4_0138.jpg,4,4.42810782202404,84.733508100567,35.5649878415096,320.356427947025,,,,,,,
4_0139.jpg,4,4.78994912252895,70.8019281700583,28.4722317406306,312.81254800613,,,,,,,
4_0140.jpg,4,2.92479062053925,32.3379076099721,11.0290484149341,318.865423714488,,,,,,,
4_0141.jpg,4,4.88772976499298,69.3291704780205,26.5909022286205,334.769736299703,,,,,,,
4_0142.jpg,4,4.64702624868583,82.0894695475,33.1130866681002,349.783494213807,,,,,,,
4_0143.jpg,4,3.80135966973953,64.1674461561989,25.4673242407582,360.437018015083,,,,,,,
4_0144.jpg,4,5.11472450789957,63.6644967946007,24.742237900795,382.37054155263,,,,,,,
4_0145.jpg,4,4.21781137304019,62.4114027559011,23.8298632539083,294.163252415569,,,,,,,
4_0147.jpg,4,5.08086964584582,92.1424745921451,37.551149911574,415.42101165027,,,,,,,
4_0148.jpg,4,4.63025518546923,87.401092590935,35.5992656162511,412.647722201358,,,,,,,
4_0149.jpg,4,4.81646205413994,97.5335002611246,40.3496112887941,417.118242933912,,,,,,,
4_0150.jpg,4,4.75963587585554,81.071431141991,32.4727371413753,415.958898443638,,,,,,,
4_0151.jpg,4,3.4309738713405,53.3776553895241,20.7840909332919,416.137574004525,,,,,,,
4_0152.jpg,4,4.30676822274797,72.6725418806312,28.842253267036,414.913220750256,,,,,,,
4_0153.jpg,4,4.46137784102563,78.7104086772782,31.4975647865045,415.803737721016,,,,,,,
4_0154.jpg,4,4.15086973555857,72.7257143487222,29.9535009523091,413.640758848819,,,,,,,
4_0155.jpg,4,3.86081223688725,78.7191084678353,32.8796720932833,410.764769602984,,,,,,,
4_0156.jpg,4,2.53234404615123,21.4003237467977,7.25308747570636,282.894038221447,,,,,,,
4_0157.jpg,4,5.21807249782624,67.0335565737313,24.6930494749249,413.229543889299,,,,,,,
4_0158.jpg,4,4.15525399369635,75.7994354172066,30.8413243991127,415.364763613598,,,,,,,
4_0159.jpg,4,4.44617507344697,64.4889401128322,24.8745422418179,414.002059720901,,,,,,,
4_0160.jpg,4,4.25799509796161,72.3627407919692,29.0624894882784,406.392160697867,,,,,,,
4_0161.jpg,4,4.02786303230687,6.67854681265158,2.560075910438,406.126010075538,,,,,,,
4_0167.jpg,4,3.53527012250188,73.7553985757103,30.0396595692415,297.882501331402,,,,,,,
4_0168.jpg,4,3.44932688881985,22.9019435639075,8.35268461538407,279.259049887154,,,,,,,
4_0169.jpg,4,3.50594136257399,54.8943577145243,21.3236374225177,302.458698760031,,,,,,,
4_0170.jpg,4,5.04245408074182,52.9197592857656,18.8783321417051,298.899050561064,,,,,,,
4_0173.jpg,4,5.80725202850113,100.636933177758,39.9285430279551,306.010961718803,,,,,,,
4_0174.jpg,4,5.11205464572042,101.873330228,41.9414367033944,311.53716859686,,,,,,,
4_0175.jpg,4,5.95966286032315,110.862195855368,45.7222496228259,316.369594314054,,,,,,,
4_0176.jpg,4,6.37007941154446,105.624946553098,42.6540864668549,313.147891508303,,,,,,,
4_0177.jpg,4,5.92175553341512,100.342399991383,41.7718167366071,319.632137459385,,,,,,,
4_0178.jpg,4,6.20106300231409,103.07427676318,42.0277967790354,307.929446176147,,,,,,,
4_0179.jpg,4,3.03590764728222,38.9664785978182,16.4490547918602,271.299203421438,,,,,,,
4_0180.jpg,4,5.3312165921786,76.3919550781568,29.1708255534954,308.342317193902,,,,,,,
4_0181.jpg,4,5.47208758154517,107.938658831343,45.1200330259895,309.464660709232,,,,,,,
4_0182.jpg,4,5.65932929316731,86.0438854774931,34.1017400781137,300.150713554374,,,,,,,
4_0183.jpg,4,6.70482555560531,99.647445877795,40.109988427567,311.240407765094,,,,,,,
4_0184.jpg,4,5.79547261172865,121.646452677846,50.9582609488745,337.446090719082,,,,,,,
4_0185.jpg,4,5.44443088448959,123.360011335094,51.76576647247,336.041151802484,,,,,,,
4_0186.jpg,4,6.6271273015974,119.222212988409,50.1307569689301,336.404660755197,,,,,,,
4_0187.jpg,4,5.8760863365176,111.217059990654,44.3531677574517,338.566657709451,,,,,,,
4_0188.jpg,4,5.26912956960834,114.523815836143,47.0337656271562,339.09666402376,,,,,,,
4_0189.jpg,4,5.59590636059934,115.402134544493,46.4013189044918,337.939202190495,,,,,,,
4_0190.jpg,4,3.77280931765096,54.0831873940493,21.2344953121185,280.140252578942,,,,,,,
4_0191.jpg,4,6.97271764895582,119.287037822614,51.9078740935301,348.927745470418,,,,,,,
4_0192.jpg,4,5.47218467348466,114.706625196485,46.8790325971002,339.928872721727,,,,,,,
4_0193.jpg,4,6.87603182247268,111.012874229342,42.9055532015077,337.107530347204,,,,,,,
4_0194.jpg,4,5.36718207283704,125.662909276955,50.9146964188706,336.701544409705,,,,,,,
4_0195.jpg,4,5.545937620502,128.139959354796,55.7558594080919,338.117424782627,,,,,,,
4_0197.jpg,4,1.98615590847179,41.9808744754005,17.5872021980214,313.502734220253,,,,,,,
4_0198.jpg,4,2.92956120958963,55.029728669027,22.8805379908849,307.280657727644,,,,,,,
4_0200.jpg,4,4.90929343394792,72.2342876995008,27.1741554303193,329.044652360092,,,,,,,
4_0202.jpg,4,5.86429312496989,114.885529480527,49.5647806211162,351.228245904101,,,,,,,
4_0213.jpg,4,6.22458456419472,115.289941505046,49.1304381038674,347.107859490342,,,,,,,
4_0220.jpg,4,2.49179161864661,46.3623678596171,21.7503899277197,335.108451483945,,,,,,,
4_0223.jpg,4,3.12153452934609,79.0290964695089,35.9302857733984,360.444524489313,,,,,,,
4_0224.jpg,4,5.99502198539951,112.045176850657,48.3145754110574,349.542774188999,,,,,,,
4_0230.jpg,4,2.75619681683356,42.5127388182274,15.4437112083774,343.569034860122,,,,,,,
4_0235.jpg,4,5.9816841396415,123.895671893776,55.1778055606267,346.124116731922,,,,,,,
4_0246.jpg,4,5.68593672649011,114.129144432699,47.5399525936169,337.238443214684,,,,,,,
4_0257.jpg,4,5.48807466093127,105.791684947926,45.3645337662664,342.251622741575,,,,,,,
4_0258.jpg,4,4.95665560841522,118.834825741301,51.317391703958,331.713788310566,,,,,,,
4_0269.jpg,4,5.55941608804888,110.993517869549,48.2885747954514,339.987310428754,,,,,,,
4_0276.jpg,4,3.96644136751277,52.7963854623663,21.6049331014148,311.284763818429,,,,,,,
4_0277.jpg,4,5.89578872507284,76.6056380212735,27.9208792089455,326.205965078438,,,,,,,
4_0278.jpg,4,5.28136230089011,83.9534652635629,33.2340484181995,323.446048360902,,,,,,,
4_0279.jpg,4,3.97611495434518,75.2118268458456,30.9178280535183,307.303677796044,,,,,,,
4_0280.jpg,4,5.57215456682943,121.012979269979,53.0624902522527,341.119029843663,,,,,,,
4_0282.jpg,4,5.4799156799599,110.505896595893,44.9320829259051,332.329926969505,,,,,,,
4_0283.jpg,4,5.49995157369582,91.8091408649607,36.9339308702401,327.468632789264,,,,,,,
4_0284.jpg,4,5.40370097092254,116.13307218424,48.1161480685377,324.59252816163,,,,,,,
4_0285.jpg,4,5.27006958222734,94.7144917375501,37.4493533789454,325.452966634096,,,,,,,
4_0286.jpg,4,4.98138851749663,120.539325688285,49.4938360728557,329.731855271395,,,,,,,
4_0287.jpg,4,4.79755030776123,115.048611112785,48.2204218379304,331.026455648495,,,,,,,
4_0288.jpg,4,4.84739365698485,128.428535797974,54.7140917688196,334.448528434768,,,,,,,
4_0289.jpg,4,5.2195195876792,129.852071515799,54.6770161562034,338.031736985813,,,,,,,
4_0290.jpg,4,5.64902338929196,114.134121781012,47.9108608168705,340.323892689265,,,,,,,
4_0291.jpg,4,4.99875848391217,111.803431542718,48.3563690393725,338.802982566409,,,,,,,
4_0292.jpg,4,5.94509226056319,113.981917300672,48.1044998871801,343.029484678437,,,,,,,
4_0293.jpg,4,5.76332696022217,120.900624529901,51.1416883314723,348.6918744717,,,,,,,
4_0294.jpg,4,5.46393930258408,86.9333517934929,34.1641892551764,352.19498595628,,,,,,,
4_0295.jpg,4,5.40034617051488,110.66359270436,46.6534423260003,355.546817901523,,,,,,,
4_0296.jpg,4,2.53626365336882,64.5221091363107,30.0366770501915,293.012439695433,,,,,,,
4_0297.jpg,4,2.59183803207879,58.4421731435008,24.9165884014054,289.735688062172,,,,,,,
4_0298.jpg,4,3.67526803315792,112.126959132855,49.574564035206,300.324331066836,,,,,,,
4_0299.jpg,4,5.95142098916033,40.0551050520562,16.00269683919,309.189894822803,,,,,,,
4_0300.jpg,4,5.21271280454364,91.8746188707208,35.3079370677282,363.985428465889,,,,,,,
4_0301.jpg,4,5.29398449349077,107.93753990269,43.8206412875624,356.198116745378,,,,,,,
4_0302.jpg,4,5.51070070876003,123.262785102274,53.7188700155221,335.530909832951,,,,,,,
4_0303.jpg,4,5.28001368850141,110.530698015664,44.7014662165573,353.559951895509,,,,,,,
4_0304.jpg,4,5.18574961008674,110.447053374104,44.0934328345566,352.757143519038,,,,,,,
4_0305.jpg,4,5.57852294148694,112.276966550463,45.1016723732453,349.362116586098,,,,,,,
4_0306.jpg,4,5.58697091360794,113.677526101592,46.3473480346632,347.201877105407,,,,,,,
4_0307.jpg,4,5.79215068677838,114.600106952688,46.519170685047,350.770893055913,,,,,,,
4_0308.jpg,4,6.32276156926208,105.045470785881,41.9582389804893,351.919047486415,,,,,,,
4_0309.jpg,4,6.09034317354774,112.145123575404,45.0663206213193,354.383055895729,,,,,,,
4_0311.jpg,4,5.60017321390086,98.277916749154,38.8595216055296,354.385121742553,,,,,,,
4_0313.jpg,4,5.07101453908,117.776053851047,50.9186121822612,339.623755496081,,,,,,,
4_0314.jpg,4,4.17670734639502,90.8654977440402,39.9584085790469,361.575421590499,,,,,,,
4_0324.jpg,4,5.50796481819432,116.418067099855,48.7457977099234,336.420081112642,,,,,,,
4_0325.jpg,4,4.57102691297326,107.743789319431,46.3252195561718,359.897934134038,,,,,,,
4_0328.jpg,4,5.35659915544953,112.940741607576,48.2436458749031,367.428303456637,,,,,,,
4_0329.jpg,4,5.97209452504504,119.617713617427,50.2573982324248,367.209410510852,,,,,,,
4_0330.jpg,4,6.32706543438439,129.726866879694,52.038051918448,375.786671439463,,,,,,,
4_0331.jpg,4,5.14159353576006,88.2482629875251,34.1995393876369,356.412925731197,,,,,,,
4_0334.jpg,4,3.44993033255679,59.8537566230891,24.4974412548049,334.162657833503,,,,,,,
4_0335.jpg,4,5.16021812607858,108.542093120859,46.6786780926818,338.242092007116,,,,,,,
4_0336.jpg,4,7.80067462472623,122.565238859999,52.4990037791646,353.122778549174,,,,,,,
4_0337.jpg,4,6.38856190856667,102.411792948504,41.8651642714048,348.792488121234,,,,,,,
4_0338.jpg,4,4.53821397265563,85.4998453291618,35.4794491934104,329.524793574889,,,,,,,
4_0339.jpg,4,2.62018291863504,47.9026535182233,19.8676692398717,316.994280079732,,,,,,,
4_0340.jpg,4,4.8103257595977,82.1558678046079,33.5910993780462,332.787420550675,,,,,,,
4_0341.jpg,4,4.60575445390022,122.591668192748,55.1213874689213,370.563008836776,,,,,,,
4_0343.jpg,4,4.82880562796627,123.111665960612,54.6845916106159,377.471841683607,,,,,,,
4_0346.jpg,4,5.27169155277883,113.607479913991,48.1254090025145,334.032382479895,,,,,,,
4_0348.jpg,4,4.26101571402096,107.798867482729,47.5024704796278,379.334317636504,,,,,,,
4_0349.jpg,4,5.12003193827665,117.635648381177,51.1367606687557,380.28105483396,,,,,,,
4_0350.jpg,4,3.69604492460958,100.257954851401,44.1903653375563,373.743291549066,,,,,,,
4_0351.jpg,4,3.81055576189093,110.43361010865,50.7770171497509,371.600708185596,,,,,,,
4_0352.jpg,4,5.18701852955759,131.244110223423,62.8992906906407,384.787465604227,,,,,,,
4_0354.jpg,4,4.85056489468451,119.270025700373,54.7702106543081,379.176928781969,,,,,,,
4_0355.jpg,4,5.32924639879309,127.676475318721,60.681257522416,379.419522930186,,,,,,,
4_0357.jpg,4,6.33023653414951,108.886554811692,46.2817252783363,339.368661860868,,,,,,,
4_0360.jpg,4,5.35772858292967,128.737050956236,56.4602279404029,373.22784643427,,,,,,,
4_0361.jpg,4,6.56167377683198,130.577891182987,52.9946837189524,373.817861211246,,,,,,,
4_0366.jpg,4,5.64261747874284,133.003833727739,56.4538858077786,378.698982659764,,,,,,,
4_0367.jpg,4,5.86370892654962,132.745312355184,57.9405690992305,372.623819461975,,,,,,,
4_0368.jpg,4,5.70255642803404,102.981871304045,42.6863603574875,346.389588481696,,,,,,,
4_0369.jpg,4,5.50075489430876,115.767793394739,51.0675162226416,341.304528206261,,,,,,,
4_0380.jpg,4,5.56899424378268,117.507477347808,50.9044898327333,336.159818255148,,,,,,,
4_0382.jpg,4,5.46165985474028,116.331271937599,47.9429922344668,360.067390001252,,,,,,,
4_0384.jpg,4,6.54146932341477,126.392336048691,48.3956449693708,358.603323685897,,,,,,,
4_0385.jpg,4,6.19396660207933,124.053844026392,46.4987183403282,357.358169363773,,,,,,,
4_0386.jpg,4,5.73854210730437,118.300869907279,49.2475651244895,345.608337178332,,,,,,,
4_0387.jpg,4,5.43968469331378,110.605195464958,45.4597029565497,336.110548363526,,,,,,,
4_0388.jpg,4,5.15016305380146,115.865535666928,48.6895074455237,335.596294002029,,,,,,,
4_0389.jpg,4,5.63838046496595,113.485409874074,49.6436695592917,339.840275881449,,,,,,,
4_0390.jpg,4,5.43922733359841,106.487950707586,44.9967590110865,338.131874946593,,,,,,,
4_0391.jpg,4,5.18701567072884,118.024428447308,50.9076883566256,334.344568077863,,,,,,,
4_0392.jpg,4,5.56417753240957,127.815901178865,53.8452343356042,334.236350436123,,,,,,,
4_0393.jpg,4,5.5878007782688,124.61660373464,52.1687836829103,337.651176254558,,,,,,,
4_0394.jpg,4,5.4165298383553,121.166602066353,50.6253116024387,339.211094490296,,,,,,,
4_0395.jpg,4,5.773706698423,117.177577650381,51.0175814442656,340.293964940116,,,,,,,
4_0396.jpg,4,5.36280259022754,123.426892914689,52.137524011893,338.976971301988,,,,,,,
4_0397.jpg,4,5.34466870413877,111.789533197385,45.692868590723,338.108393167202,,,,,,,
4_0398.jpg,4,5.4479969567389,120.963665584588,51.1325139006785,338.078851238596,,,,,,,
4_0399.jpg,4,5.32556860405982,126.849392014032,53.3352808574948,338.092403582986,,,,,,,
4_0402.jpg,4,6.23899898070005,125.3473626646,53.0046480726739,238.929766743971,,,,,,,
4_0406.jpg,4,1.57899110121943,77.3717545958182,33.763267035912,451.217368073449,,,,,,,
4_0407.jpg,4,2.31709109248624,67.2841371257336,30.3672352828033,366.331861772483,,,,,,,
4_0408.jpg,4,1.06277359985252,15.2667983462277,7.0809599913417,319.863484801678,,,,,,,
4_0409.jpg,4,3.16528516050336,26.8174258903903,10.4295688808279,307.824280900232,,,,,,,
4_0411.jpg,4,2.07449683291223,5.61289667092543,2.56954182047648,255.038005551345,,,,,,,
4_0415.jpg,4,4.72115299752086,133.555952916227,58.7871135668749,232.697353080074,,,,,,,
4_0417.jpg,4,0.425755062136575,6.76223845739776,3.30533620735702,259.029617906978,,,,,,,
4_0418.jpg,4,0.772915863332688,4.34490805060583,1.46263908070524,338.279279230499,,,,,,,
4_0425.jpg,4,2.14232720022714,36.8462395208262,17.3948450620317,383.465250292721,,,,,,,
4_0427.jpg,4,2.03738671631655,40.6353357250462,17.4269955138682,405.288613136505,,,,,,,
4_0428.jpg,4,2.50728608201445,58.5613295255502,28.4583605043284,423.446593288523,,,,,,,
4_0429.jpg,4,0.767707363804799,4.39699388689002,1.60667305720832,421.703403644152,,,,,,,
4_0433.jpg,4,0.936275746304101,10.4586134890682,4.8970068389517,435.971427232562,,,,,,,
4_0437.jpg,4,5.787506569576,147.201849249226,64.2948320266769,261.324495295496,,,,,,,
4_0438.jpg,4,5.90762795509385,146.282997799073,63.9094910371823,259.036302493091,,,,,,,
4_0439.jpg,4,5.85049030826839,148.165802511517,64.1851099723724,260.121715367631,,,,,,,
4_0440.jpg,4,5.98143611899159,146.684855025224,63.3442854968283,258.176548223144,,,,,,,
4_0441.jpg,4,5.28292308920122,146.359711620432,64.9699036668229,260.539905648511,,,,,,,
4_0442.jpg,4,5.18709330258169,145.669974353512,64.5690793709045,262.263471120779,,,,,,,
4_0443.jpg,4,5.50153806784434,146.825034234454,64.3666876419845,263.483908016645,,,,,,,
4_0444.jpg,4,5.40461475826105,142.721464650048,62.7128528423072,256.477035865979,,,,,,,
4_0445.jpg,4,5.44817161836074,145.040455330967,63.7742787917045,263.632820962191,,,,,,,
4_0446.jpg,4,5.4860736167688,147.359084059287,64.9705033997202,266.827464349566,,,,,,,
4_0447.jpg,4,5.4756780393816,145.737039485257,63.8055152552265,263.283361792555,,,,,,,
4_0448.jpg,4,5.30772178969591,145.098373090951,63.4059899418518,262.451134848741,,,,,,,
4_0449.jpg,4,5.42184817504079,144.450357061441,63.0020724754427,260.046597506874,,,,,,,
4_0450.jpg,4,5.21134362588852,143.392062627065,63.1298338141945,264.071473552556,,,,,,,
4_0451.jpg,4,5.28809332852581,143.948784191317,62.9938869058529,262.998142260251,,,,,,,
4_0452.jpg,4,5.14809111544613,143.121700118046,62.8388749635131,264.222373915358,,,,,,,
4_0453.jpg,4,5.27135896180158,141.241431770266,61.1339650756225,260.464994889778,,,,,,,
4_0454.jpg,4,5.44399197411638,141.123543967413,60.7969214748893,259.053734562188,,,,,,,
4_0455.jpg,4,5.20763783302344,141.605863417222,61.9952076014431,263.6177695195,,,,,,,
4_0456.jpg,4,5.14479904372416,139.202379109165,60.5905850483714,265.403264094692,,,,,,,
4_0457.jpg,4,5.31613628984985,139.447536925668,61.3183433052406,266.855417473949,,,,,,,
4_0458.jpg,4,5.14779989545458,140.186371680361,60.6900993335585,261.042672734366,,,,,,,
4_0459.jpg,4,5.17035194808935,136.561182462083,59.5980104930926,263.345500965128,,,,,,,
4_0460.jpg,4,5.13141918996588,134.583960710259,58.4524705753647,260.952232021567,,,,,,,
4_0461.jpg,4,4.93423934515033,138.405240555627,60.7986970668652,263.449199383249,,,,,,,
4_0462.jpg,4,5.08334639522908,136.624186130155,59.4424301626347,260.488796875842,,,,,,,
4_0463.jpg,4,5.01456811280888,134.077689919671,58.6699392567037,262.390463668108,,,,,,,
4_0464.jpg,4,4.86754607226691,135.074285639788,59.444303982572,263.653244683629,,,,,,,
4_0465.jpg,4,4.78207258297639,132.840512407248,57.8413761063921,260.080738879609,,,,,,,
4_0466.jpg,4,5.20525192879682,134.004313087099,57.8167103785757,259.908681592245,,,,,,,
4_0467.jpg,4,5.19062285558358,133.812824346805,57.4778569680022,257.096779092858,,,,,,,
4_0468.jpg,4,5.15963254410005,133.914532654816,57.2638725605284,260.290731360776,,,,,,,
4_0469.jpg,4,5.03964196847194,132.456327738125,57.6259853185489,263.154226507141,,,,,,,
4_0470.jpg,4,5.04096600132676,132.38475532165,56.8350749781534,257.549585634473,,,,,,,
4_0471.jpg,4,5.13431589218258,135.316078263618,57.9458835952307,254.214404596943,,,,,,,
4_0472.jpg,4,4.85028875218093,133.906290185544,58.0886062100749,262.278461370376,,,,,,,
4_0473.jpg,4,4.78767977903561,132.828331520652,57.8576256640152,262.685367865368,,,,,,,
4_0474.jpg,4,5.06649731062815,133.570058983905,58.2830733229292,267.023346226351,,,,,,,
4_0475.jpg,4,5.11311556216497,135.619653262281,58.62727847837,263.693045739027,,,,,,,
4_0476.jpg,4,5.09297271921853,134.521089521041,58.1218700923981,264.192861577485,,,,,,,
4_0477.jpg,4,5.0440382872639,135.601753240575,59.2509197031767,265.75268061907,,,,,,,
4_0478.jpg,4,5.17160420050059,135.529173096015,59.0687460494502,266.012755244823,,,,,,,
4_0479.jpg,4,5.15568827176653,137.985193507619,59.8153744535538,263.376511695604,,,,,,,
4_0480.jpg,4,5.02366991238137,139.095644672346,61.0156870173216,267.781133549807,,,,,,,
4_0481.jpg,4,5.29770080035771,140.804028969941,60.5173668034724,265.007819320846,,,,,,,
4_0482.jpg,4,5.37255193369809,139.516240351603,59.730566515315,259.454390749515,,,,,,,
4_0483.jpg,4,5.30380910328716,140.252067352086,59.8484681688017,257.504794029877,,,,,,,
4_0484.jpg,4,5.4357268093107,141.695797628115,60.5503430464565,260.674125412307,,,,,,,
4_0485.jpg,4,5.46445255719146,141.956798028002,60.1530285983107,258.822933311833,,,,,,,
4_0486.jpg,4,5.12926047598976,139.70512126825,60.5673464219684,261.928346793189,,,,,,,
4_0487.jpg,4,5.24000273675693,142.895192912991,61.7477171664846,264.563342848659,,,,,,,
4_0488.jpg,4,5.56006431162706,142.956616108857,60.4200306495195,256.458868442724,,,,,,,
4_0489.jpg,4,5.01207223786081,146.122225011149,63.0273736310481,259.409486851672,,,,,,,
4_0490.jpg,4,5.36046536880599,147.741863593823,63.4610232671604,258.843040981172,,,,,,,
4_0491.jpg,4,5.56106351107339,148.681599211733,63.6299887666254,256.871361375467,,,,,,,
4_0492.jpg,4,5.49839352445931,147.761962580853,63.2427803209794,255.756638792628,,,,,,,
4_0493.jpg,4,5.59236375685232,149.596883826785,64.9453344276658,261.041433579549,,,,,,,
4_0494.jpg,4,5.83268941860996,153.261532109365,66.4453449079599,261.10957823157,,,,,,,
4_0495.jpg,4,5.8374578657752,154.048683635532,66.7831836357161,260.274744121881,,,,,,,
4_0496.jpg,4,5.86870016234734,151.964360968848,65.320253401208,257.587539042675,,,,,,,
4_0497.jpg,4,6.19864575049692,151.837836521798,65.8114722193697,259.866097349967,,,,,,,
4_0498.jpg,4,6.22102115587534,151.714232062656,65.8244618003218,260.685328816162,,,,,,,
4_0499.jpg,4,6.13236645206826,152.064343630887,66.0153323563046,259.981390558931,,,,,,,
4_0500.jpg,4,6.18856486353317,150.927052050051,65.2804333468618,256.93002362098,,,,,,,
4_0501.jpg,4,6.29734026402356,152.99746742722,65.9883319637283,254.623643634387,,,,,,,
4_0502.jpg,4,5.86047065507751,149.504574743479,65.3874138916139,257.218159866624,,,,,,,
4_0503.jpg,4,6.11625242335212,152.596823337469,65.8082177663797,255.287794308375,,,,,,,
4_0504.jpg,4,6.33722140114426,154.339134569604,65.8274013116713,255.723903746844,,,,,,,
4_0505.jpg,4,6.53893785709784,154.712855301122,66.3194503340601,256.703282855647,,,,,,,
4_0506.jpg,4,6.12690026785607,154.99672469894,67.0557384191408,259.08460243917,,,,,,,
4_0507.jpg,4,6.48645918528302,153.433140215444,66.0430073047356,259.490099800093,,,,,,,
4_0508.jpg,4,6.35290898471554,155.001490598509,67.3064393351883,260.914744164,,,,,,,
4_0509.jpg,4,6.17906928674163,155.033225280568,67.4008367285727,261.17040160899,,,,,,,
4_0510.jpg,4,6.17479456273445,153.123437219046,66.0750840198427,260.1770612601,,,,,,,
4_0511.jpg,4,6.10932789169174,152.189958463678,66.1456767787433,262.261607371751,,,,,,,
4_0512.jpg,4,2.66510437479299,51.3824266278956,22.2168371178451,354.881082573895,,,,,,,
4_0513.jpg,4,3.05739958095648,58.7553699186393,25.162024293717,354.959813110581,,,,,,,
4_0514.jpg,4,2.91832390163545,53.1101241704435,22.8323858454618,355.097569364011,,,,,,,
4_0515.jpg,4,3.05234692012462,49.0104530205187,20.7405205170033,354.996458640282,,,,,,,
4_0516.jpg,4,3.0136073775138,53.6813519725049,22.855051009128,351.835348053118,,,,,,,
4_0517.jpg,4,3.24034383123877,52.8306832882394,22.0461498492832,351.91821785496,,,,,,,
4_0518.jpg,4,3.08010050869145,54.7881842843404,23.1967740768125,350.007192912813,,,,,,,
4_0519.jpg,4,2.90132379489151,49.5317217956041,21.1278885352078,348.678106623496,,,,,,,
4_0520.jpg,4,2.95186381789428,52.117222144565,22.126321115426,347.2406730647,,,,,,,
4_0521.jpg,4,3.11326496386285,50.6894795575252,21.3540333952995,344.803100974918,,,,,,,
4_0522.jpg,4,3.43447924562095,51.1707741109098,21.093801107037,345.776653272167,,,,,,,
4_0523.jpg,4,2.92718046855155,52.0314405533825,22.0713140959672,346.589709313027,,,,,,,
4_0524.jpg,4,3.17023213170707,56.8821552393561,24.1352540985901,347.337335173408,,,,,,,
4_0525.jpg,4,2.8062673151131,49.0319420191362,20.9377364068165,347.374190712259,,,,,,,
