PicName,label,pitch,yaw,roll
0_0001.jpg,0,26.799658413339,2.8947176450745,1.9808944031625
0_0002.jpg,0,28.3499992353446,5.14613516110527,4.38658759566653
0_0003.jpg,0,22.0405567824353,1.40001364289927,2.07016285915003
0_0004.jpg,0,19.8281839113866,0.655786394998614,0.725830038133471
0_0005.jpg,0,13.138761712947,-0.0759958038111775,2.37991578869463
0_0006.jpg,0,5.81845181158298,-15.7652565205963,-4.47975821331691
0_0007.jpg,0,12.883449394817,-10.9476068441627,-4.20389258030661
0_0008.jpg,0,16.1858499337331,-9.86423525993239,-4.60697527313784
0_0009.jpg,0,17.962556192333,-10.8407867369951,-3.52050122053148
0_0010.jpg,0,15.4419571625612,7.04855609130465,2.72864335962869
0_0011.jpg,0,22.3627746141587,-3.61676106696346,-3.56880496881713
0_0012.jpg,0,26.7447401703113,9.05134634133791,5.452661863195
0_0013.jpg,0,26.924960987917,7.48913283271542,2.33184747196381
0_0014.jpg,0,30.2547199449025,5.06450511435808,0.0163773151063142
0_0015.jpg,0,28.8560834509204,2.07435478230218,-1.10929789307255
0_0016.jpg,0,10.1633364665808,-20.5894745970005,-2.86226413089467
0_0017.jpg,0,14.9541932411842,-15.3909682466053,-1.80333677332342
0_0018.jpg,0,11.2689776951061,-16.472380036396,-0.96535624687982
0_0019.jpg,0,11.0622292718992,-6.17553310115468,3.40038396420568
0_0020.jpg,0,11.0996153829031,-5.6175969739503,2.08682982461975
0_0021.jpg,0,14.2351302924434,-4.1438667317152,2.60657732994538
0_0022.jpg,0,11.8691702817678,13.0681120794876,4.57321310862783
0_0023.jpg,0,15.0241953303868,24.9315991991641,14.0604643842998
0_0024.jpg,0,8.78933863814695,-10.6794257920378,2.91046974126175
0_0025.jpg,0,11.9668674409406,-8.43791849377918,2.56355759354718
0_0026.jpg,0,14.9438680854299,-6.17724789036684,4.596760651221
0_0027.jpg,0,16.7912773370655,-1.05277081752704,4.12637468067982
0_0028.jpg,0,17.2920883828847,-2.34415684360609,4.88208742180437
0_0029.jpg,0,19.2788165625984,4.033025825632,6.51333839958375
0_0030.jpg,0,18.6945642599804,5.7095727310598,6.89541438192401
0_0031.jpg,0,16.0279682105718,20.2415495394176,10.9490985843006
0_0032.jpg,0,18.956547433231,8.65518363873656,7.54246464838221
0_0049.jpg,0,23.8872752828407,0.282608675513459,1.0999368510306
0_0050.jpg,0,21.2381909233651,4.47550165287419,2.17461929198836
0_0051.jpg,0,26.9971888840797,9.04375273572122,1.82706351049342
0_0052.jpg,0,26.6990916535614,8.30994219799566,0.149268507188234
0_0053.jpg,0,30.5658664365512,4.03807211237886,9.42524043403049
0_0054.jpg,0,16.6661635230723,-11.5825422252851,-3.04403078884514
0_0055.jpg,0,16.4693344180013,-18.3617798107927,-5.1917371613431
0_0056.jpg,0,17.1008345031555,-13.9212288622505,-3.2545988148285
0_0057.jpg,0,4.64976062163691,-27.0402422780575,3.36709321650676
0_0058.jpg,0,13.3001761175738,-3.8511074853836,5.25970538317064
0_0059.jpg,0,11.9758066498983,1.87765925314397,7.20573032494095
0_0060.jpg,0,10.4537109075397,1.77261643533986,5.50068434578735
0_0061.jpg,0,12.7640019632644,5.90376798708347,9.14736048980526
0_0062.jpg,0,10.2073845988067,19.686893037541,10.4391587092341
0_0063.jpg,0,13.8238363843037,-48.9989609863902,-7.27627262264417
0_0066.jpg,0,18.6970271671688,-6.85878038801507,-1.30540591387989
0_0067.jpg,0,18.6375956962444,-4.69896829769105,-0.314487211512357
0_0068.jpg,0,15.5787580177744,-5.35724498829701,-0.26159979818862
0_0069.jpg,0,16.976986559451,-8.06109741362847,-1.55745823018878
0_0070.jpg,0,16.0404122181969,-6.00869458562474,-0.476322162770172
0_0071.jpg,0,25.8438749566196,-8.34207048456056,-1.29872419227601
0_0072.jpg,0,22.6758835339239,-8.97172697730268,-1.04276777389669
0_0073.jpg,0,15.3057637050499,28.7952915395984,10.0587335836763
0_0074.jpg,0,14.3010263809084,27.9060207441713,8.38876322109241
0_0075.jpg,0,10.5402775157791,21.6602037260895,7.93580138720009
0_0076.jpg,0,14.9712502380368,33.4551731061451,8.60995965691904
0_0077.jpg,0,10.5948954926168,21.7644834404532,3.36898967403248
0_0078.jpg,0,10.4101847349646,25.3437895756319,5.90116760727824
0_0079.jpg,0,9.15121654643642,19.6554036752845,5.31765404938636
0_0080.jpg,0,12.5521472751672,21.1312229719284,4.67140948968737
0_0087.jpg,0,2.41275156788286,-52.0558332497533,4.52419981685664
0_0089.jpg,0,8.70531665447694,-56.67809074312,-5.14991436662932
0_0090.jpg,0,10.902501488257,4.97538057907465,-2.07344767199108
0_0091.jpg,0,9.60742679415007,3.29867337920352,-3.46729688387893
0_0092.jpg,0,-2.592246750599,-3.756682880534,-5.19574104244153
0_0093.jpg,0,2.65860393084394,0.819920261433362,-1.45203961360478
0_0094.jpg,0,8.99064033127117,-0.0735444947364199,-6.45902790957284
0_0095.jpg,0,12.8555372411308,2.94149448845811,-1.94705933528732
0_0096.jpg,0,9.83507902717957,-1.73720884848213,-2.98925830352269
0_0097.jpg,0,15.159065399423,5.56458420894204,-0.479064711911842
0_0098.jpg,0,15.6490238339562,5.84170091917104,-0.661646702316565
0_0099.jpg,0,16.7989255804754,6.59796469969016,-0.911090030271286
0_0100.jpg,0,15.628569457602,5.82965512317417,0.107259216188424
0_0101.jpg,0,15.0815860502942,6.06716946643271,0.0136539243842276
0_0102.jpg,0,17.0767208447457,5.10169665837393,0.304398738928789
0_0103.jpg,0,15.3073632368661,4.18386757329922,0.0567923518714776
0_0104.jpg,0,15.3921881891031,2.13630325453379,-0.529896177314431
0_0105.jpg,0,15.7445708212506,-0.130350537261848,-1.34461510985558
0_0001.jpg,0,-2.40300514099525,5.06271758194495,10.823018091075
0_0004.jpg,0,-6.23222047920596,0.194528330849695,13.6891725936259
0_0005.jpg,0,-7.11668128213145,1.49232321722326,5.85217032129253
0_0006.jpg,0,0.288096616720628,8.58372646794539,7.82697690086754
0_0007.jpg,0,-2.43862474753478,12.4008049538801,9.27656119095027
0_0008.jpg,0,-4.5424181579797,16.313489402045,-6.52020056670058
0_0009.jpg,0,-3.14181123265834,2.48552646008632,-4.81829851821634
0_0010.jpg,0,4.84514044460531,-5.9583555353764,-6.59648554139612
0_0011.jpg,0,10.3567940762314,-4.64558159025662,-5.11440876852807
0_0012.jpg,0,-15.9641450067659,0.398454582336135,-1.70684338230933
0_0013.jpg,0,-11.8194529678288,-1.35710915312358,-0.834912026390322
0_0014.jpg,0,9.80727543033787,-5.3804907735316,-6.05264512572671
0_0015.jpg,0,10.1686228470919,9.86571687773742,-2.66907888207769
0_0016.jpg,0,8.61442227625882,10.6566541824171,-1.15538753226977
0_0017.jpg,0,15.2539018970845,-4.09553382610536,-5.22899062698665
0_0018.jpg,0,10.5385422281426,8.31707906415681,-4.13250359867691
0_0019.jpg,0,10.0765314525936,-1.18681074585745,-3.86918454480256
0_0020.jpg,0,13.755494186329,3.3998238497189,-2.27056803449516
0_0021.jpg,0,12.6109656185302,9.63219285302093,-0.866297850233809
0_0022.jpg,0,8.01702562075943,3.36199599927539,-2.74643231121166
0_0023.jpg,0,20.6645211477609,1.09021602226698,-2.63820329331546
0_0024.jpg,0,27.1891186335456,1.53792450312472,-2.40612234828066
0_0025.jpg,0,-0.43858010583558,-55.4618629398425,-28.4080647937551
0_0026.jpg,0,-3.10728819632322,-55.4561068588223,-23.7024514329261
0_0027.jpg,0,-10.9279932250781,-47.1222275638319,-14.5544164697159
0_0028.jpg,0,7.1176819023463,-52.6010416683101,-30.8569419537274
0_0029.jpg,0,-5.4730934066447,-53.4065946190363,-22.1227127070128
0_0030.jpg,0,4.46215529608459,-51.6717216558551,-26.7230197031551
0_0031.jpg,0,-4.62551567670423,-49.4846068430559,-22.3342334604406
0_0032.jpg,0,1.64912447973518,-53.5210708838256,-28.239805456384
0_0033.jpg,0,-19.9370324925227,-52.7501601707912,-8.27581418621788
0_0034.jpg,0,5.79789973071011,-50.5181164377181,-30.1684132225351
0_0035.jpg,0,-10.3614286977294,-59.0449576499157,-22.7872897618016
0_0036.jpg,0,1.42553994589304,-58.115958215177,-29.4056080993725
0_0037.jpg,0,4.15722947421374,-56.0251968767297,-31.8915467532393
0_0038.jpg,0,22.8989438641688,-53.8944951582567,-33.7707697327849
0_0039.jpg,0,26.6243560601642,-52.7026038551047,-36.7918887157325
0_0040.jpg,0,12.460891070839,-46.7619334115667,-18.1988964771042
0_0041.jpg,0,21.2433139894658,-58.619145645759,-40.267338313006
0_0042.jpg,0,22.7850192507334,-51.321498440855,-25.8139549239188
0_0043.jpg,0,22.3254033781796,-49.7047105047544,-30.3290946136614
0_0044.jpg,0,28.5512295494532,-49.3615519660852,-30.9653112006524
0_0045.jpg,0,22.6608276108032,-50.2549319984579,-26.7925111511207
0_0046.jpg,0,20.9859331726044,-45.7435836528091,-25.0689491388268
0_0047.jpg,0,25.3023963094187,-53.7068315733238,-33.5467119462287
0_0048.jpg,0,20.8386616165302,-58.0719082301939,-41.2799501056909
0_0049.jpg,0,17.9905407054543,-53.1721030453651,-24.9186225499898
0_0050.jpg,0,26.9935472669574,-52.0780868564094,-30.0470694079292
0_0051.jpg,0,27.5658638540073,-51.9428792952891,-28.6209326573977
0_0052.jpg,0,26.4464379323847,-52.3878522235779,-30.0361668774964
0_0053.jpg,0,27.441093486072,-49.4330495710883,-28.8904441611136
0_0054.jpg,0,19.0789289906573,-46.1178840002082,-20.2820867233417
0_0055.jpg,0,24.1463667805437,-51.464724118572,-29.158422045846
0_0056.jpg,0,22.6536425460941,-48.6838056299517,-28.0779285457051
0_0057.jpg,0,20.2345087983681,-51.8065545441089,-27.6007636091529
0_0058.jpg,0,25.0725529662969,-53.4539060391577,-31.159524308047
0_0059.jpg,0,28.0369235487331,-51.8018272499656,-43.2659721209468
0_0060.jpg,0,28.5262895857983,-55.3145032779233,-47.8113060687846
0_0061.jpg,0,26.0311662264087,-54.3042217769904,-31.570470664005
0_0062.jpg,0,20.9033772338994,-48.6940608853803,-37.0858951698967
0_0063.jpg,0,1.24729520619753,-54.9041616611239,-36.5698429752876
0_0064.jpg,0,4.96145442178785,-52.6437346257702,-39.5547833578083
0_0065.jpg,0,8.12882056199265,-55.1312780190155,-42.5287808348734
0_0066.jpg,0,5.97109379217884,-56.2123442440793,-41.4961603106388
0_0067.jpg,0,13.8603118272356,-50.3877767546484,-45.3323929832262
0_0068.jpg,0,6.85555888301262,-53.3836925281738,-42.4682936807982
0_0069.jpg,0,8.34535007306142,-57.3421504265563,-41.19934738698
0_0070.jpg,0,8.08898423926008,-53.4677613076397,-35.3637039462765
0_0071.jpg,0,7.40072163870451,-51.4683197984116,-31.6359589227343
0_0072.jpg,0,5.48525673848104,-57.1524591036785,-40.9393649138047
0_0073.jpg,0,21.4905679214058,-47.9620382568965,-38.4613128238029
0_0074.jpg,0,8.19430508290548,-53.3225937390906,-37.0573844042038
0_0075.jpg,0,7.95103207357624,-55.696753972671,-39.967037796307
0_0076.jpg,0,9.99168356941963,-52.9802389552466,-38.3784465308118
0_0077.jpg,0,39.0227329435121,-44.4116602140819,-47.7728745288016
0_0078.jpg,0,34.8218714026315,-46.8158220738099,-45.8296690792038
0_0079.jpg,0,32.4646217719329,-44.6148092564328,-43.2961886577888
0_0080.jpg,0,41.0703458715313,-44.5578977071273,-47.8697849183806
0_0081.jpg,0,26.9202088841465,-43.8866574800889,-38.873429121836
0_0082.jpg,0,22.9382517049573,-45.2291573682022,-36.0383696698582
0_0083.jpg,0,21.5283749329819,-46.7053221219719,-37.4262088222919
0_0084.jpg,0,15.1281285694202,-51.3378405006766,-40.3390661033525
0_0085.jpg,0,26.3523868525048,-40.8155483788239,-39.1256612407546
0_0086.jpg,0,26.3490889324839,-43.8884920751712,-33.6605605870561
0_0105.jpg,0,2.03126133086433,6.71772301108283,4.58401689505484
0_0106.jpg,0,10.9128570391321,-3.22764747279491,-3.59124749484553
0_0107.jpg,0,27.6853123507245,3.0171158887458,-2.56540702019635
0_0108.jpg,0,3.29758978853285,6.59840364822306,1.69898555192478
0_0109.jpg,0,-2.82744237188389,3.8582665833311,-1.53063411716231
0_0110.jpg,0,-0.494803386487221,0.337182030257172,-4.88477589660965
0_0111.jpg,0,4.7728155319905,4.17250609225527,-4.26766523620449
0_0112.jpg,0,3.40222196997833,-2.68865103467006,-7.61536035518062
0_0113.jpg,0,-0.360363931209663,-4.64154973743911,-10.0561306579831
0_0114.jpg,0,-1.14623164429052,-5.70541304218734,-11.0143665989115
0_0115.jpg,0,5.18626174668039,-7.16331877924005,-13.4974420661767
0_0116.jpg,0,16.7009730189612,-0.651981061342904,-2.0728748992181
0_0117.jpg,0,35.0709927855189,2.87560726945514,-1.56878195818763
0_0118.jpg,0,-0.619967314029529,-8.60845982859719,-11.846895877945
0_0119.jpg,0,3.28979446573117,-3.65292649374746,-11.5728780925028
0_0120.jpg,0,2.6464463370063,14.0662916195679,-8.52955150249481
0_0121.jpg,0,4.42477806916526,0.261996360889816,-7.51555835690835
0_0122.jpg,0,-5.17667173062857,-8.67560557540975,-8.50813606303689
0_0123.jpg,0,-6.34832937080639,-6.55491067135472,-7.86964436540756
0_0124.jpg,0,-14.5806184882598,-9.9821601028662,-4.24563500507168
0_0125.jpg,0,9.19241528780936,-2.36960344459427,-1.16901390746284
0_0126.jpg,0,24.1366993766573,1.09363069688783,-3.92052548644087
0_0127.jpg,0,-16.694389893827,-7.16140381539371,-3.79100647735784
0_0128.jpg,0,-16.9310739493567,-7.87303168704703,-2.10611392060761
0_0129.jpg,0,-15.4548923916518,-7.8862723551959,-0.169665108356277
0_0130.jpg,0,-16.1423134237278,-6.80423173489704,1.78786368150512
0_0131.jpg,0,-17.8565383499212,-6.17482202620793,3.13693650401735
0_0132.jpg,0,-16.4653381890377,-5.76556317594516,1.97235331317391
0_0133.jpg,0,-12.4270601266352,-7.35690249850131,3.27612179789567
0_0134.jpg,0,-5.84565559547938,-7.6265018622529,8.58772203523999
0_0135.jpg,0,-2.67385802094659,-5.02720966294165,10.9685743689994
0_0136.jpg,0,-15.8149635968714,-0.581802812409848,9.57572368423691
0_0137.jpg,0,10.2534563396473,-2.78540888447313,-1.68736868919501
0_0138.jpg,0,7.77512417998777,18.2066222022831,-4.17475914690469
0_0139.jpg,0,-10.2215025835592,-0.0477609527657683,12.0801194609896
0_0140.jpg,0,13.159033171851,-2.21624149095384,-3.05959100295952
0_0141.jpg,0,7.42121537723502,-2.78500821803222,-7.64491427700374
0_0142.jpg,0,31.7671531364229,-2.30177253888988,0.250982576906776
0_0143.jpg,0,31.7991018667177,-2.38253484622748,0.15574867531569
0_0144.jpg,0,32.4735661686983,-1.43591215519234,-0.464435625978786
0_0145.jpg,0,35.5318997308234,-1.75820513719839,0.893277982295324
0_0146.jpg,0,32.7818727241945,-1.42081034619376,-0.428427061880217
0_0147.jpg,0,34.9283223995429,-1.68788063162419,-1.36523912224148
0_0148.jpg,0,34.7597200471278,-2.5265944325383,-2.52002815922155
0_0149.jpg,0,27.0636281006635,-3.93726588787036,-1.91640500986177
0_0150.jpg,0,27.0636281006635,-3.93726588787036,-1.91640500986177
0_0151.jpg,0,29.1655295338648,-3.6411023058037,-1.3298486629019
0_0152.jpg,0,18.0366775970019,1.84321784461112,2.48273246836995
0_0153.jpg,0,11.0506994181039,-2.52406732290005,-9.67229711430314
0_0154.jpg,0,23.3268311507992,33.4036349388838,8.93811130724841
0_0155.jpg,0,13.9525275813149,-2.20854816118065,-1.96418759753481
0_0156.jpg,0,11.7220132010429,0.493139848618014,-7.04679178583267
0_0157.jpg,0,32.7573083919519,-0.27069392005261,0.596961179623625
0_0158.jpg,0,32.3561961699291,-1.46215410038922,-0.553440669947133
0_0159.jpg,0,34.9157396550648,-1.98735592254408,-0.130925207025266
0_0160.jpg,0,33.3546978632735,-1.71720424199508,-1.70996864705569
0_0161.jpg,0,39.9073610968403,0.860730698560695,-0.915172731421877
0_0162.jpg,0,35.4143053644953,1.76061471160016,0.73025121418361
0_0163.jpg,0,35.5743926050261,-0.277749359561781,-0.942643290836946
0_0164.jpg,0,35.1638787826192,-1.34660576830558,-1.31951869017125
0_0165.jpg,0,24.5726690983089,8.95529425827363,2.70012875574914
0_0166.jpg,0,23.5784949270759,11.2614621742284,3.749140953136
0_0167.jpg,0,12.6728604323308,-1.07885354576109,-0.545128565202079
0_0168.jpg,0,3.22855155592295,-2.00931301703323,-7.46377364931921
0_0169.jpg,0,24.6732129265797,18.0199771048257,8.71080589217282
0_0170.jpg,0,17.0168474282527,16.966748071148,6.71684262820528
0_0171.jpg,0,22.118719202964,6.25529253884839,2.43721237190804
0_0172.jpg,0,23.0040953684915,6.30938171455677,3.01902569787803
0_0174.jpg,0,22.7228909758211,3.85492948630352,0.949840054938056
0_0176.jpg,0,21.6947346387682,4.55539270931102,2.43462200412058
0_0178.jpg,0,17.7952230673922,7.053492601535,1.47192686959555
0_0180.jpg,0,20.6340108685693,7.41413565367373,1.59564081563842
0_0181.jpg,0,21.1117550887432,6.70786276808748,1.6528665011897
0_0182.jpg,0,-5.24570106354884,2.94286515123951,-0.0839414290055909
0_0183.jpg,0,12.3976464068294,-0.167082809717429,-1.60763703122062
0_0184.jpg,0,3.42989712364545,-1.57054492779527,-7.00424938972211
0_0185.jpg,0,-3.65559550990918,5.55719275105346,-2.84103438064007
0_0186.jpg,0,-0.173043938294668,11.0910217438111,-4.15174659112796
0_0187.jpg,0,-0.498979521893589,19.9056820997811,-5.77506164662963
0_0188.jpg,0,-5.02337064476465,-6.10218685181053,-14.5416926021105
0_0189.jpg,0,17.3713797309311,-2.78340418854753,-2.71542636359109
0_0190.jpg,0,-1.44240835796414,-1.94743644528138,-7.7207142511744
0_0191.jpg,0,9.64310874491246,-4.17772745875833,-3.19784005273893
0_0192.jpg,0,3.61397333168704,-3.12938092597825,-7.90558747869622
0_0193.jpg,0,14.0872484082573,-2.560168430389,-2.01586262274192
0_0194.jpg,0,3.72207148657136,-3.72901131398416,-7.82517339751524
0_0195.jpg,0,15.1160353034613,-1.81573992960171,-1.48026363183794
0_0196.jpg,0,5.77023589792189,-1.02445916208384,-7.94170087440409
0_0197.jpg,0,8.59693433587258,-2.29971434839862,-2.51012530987236
0_0198.jpg,0,3.11988468944501,-1.96225325585175,-7.64890783779713
0_0199.jpg,0,10.3503536327145,-2.25607995681394,-3.25235619494948
0_0200.jpg,0,3.23649113634457,-2.77441088875451,-8.68864675509546
0_0201.jpg,0,-1.60222866815484,4.86429063605789,5.08810079990867
0_0202.jpg,0,2.26525660234478,22.2254997371459,8.97889312973779
0_0203.jpg,0,14.099127822858,-2.19693612055059,-2.94040861822168
0_0204.jpg,0,10.5393152620763,0.554231363398572,-8.31576036441247
0_0205.jpg,0,-9.25581421251864,1.48014457648878,8.17580515240768
0_0206.jpg,0,-45.6734894302149,4.31684347334442,-173.027429958727
0_0207.jpg,0,-14.9698011372881,6.54476224098764,-169.199969876972
0_0208.jpg,0,4.35601789050795,3.51268763215322,11.2739162273242
0_0209.jpg,0,4.91540814035536,-2.44881588068291,-1.27107397293468
0_0210.jpg,0,9.07692354124002,5.01850335158702,-8.68297879262226
0_0211.jpg,0,31.3904911782917,26.7512415373147,5.82724041398203
0_0212.jpg,0,12.4342503721772,-3.20464678881691,-3.78885629972393
0_0213.jpg,0,9.19510554973628,-2.64763320509174,-2.52631261651709
0_0216.jpg,0,-12.1121416385504,12.625853025936,4.62460319304007
0_0217.jpg,0,-11.4585387118688,3.52961029484657,3.80993944479052
0_0218.jpg,0,-16.5064075788724,-3.3057399410506,0.445420554295294
0_0219.jpg,0,3.22045881446066,15.4922564179874,6.94063267777777
0_0220.jpg,0,-9.99891902616431,-3.01871683890573,-5.18906823563583
0_0221.jpg,0,-10.0118941420001,17.3105731420505,-9.97303671413753
0_0222.jpg,0,-8.41167995020185,12.3600135876061,-8.1471227213212
0_0223.jpg,0,9.48281777212238,-2.55419039726128,-1.38916048582413
0_0224.jpg,0,5.4180779111894,-3.28246951722131,-7.40866090527755
0_0225.jpg,0,34.1196137829861,4.7821380370809,-1.96530906862904
0_0001.jpg,0,-34.0232123360496,-19.6254846314834,-162.22800515161
0_0003.jpg,0,11.1339196388159,41.5235456173218,14.4303127270649
0_0008.jpg,0,-17.0251989960972,-27.668670814672,9.87424991191692
0_0011.jpg,0,-7.62925277079163,13.2818171253047,5.08716426526691
0_0012.jpg,0,0.495244805806791,-39.6911583839313,-9.26205253888719
0_0013.jpg,0,33.821363511275,2.80996228766834,3.68651220804621
0_0014.jpg,0,-9.36415624989528,38.6459696457639,3.36963386285171
0_0019.jpg,0,12.1395560845268,-7.63554052343913,-10.3955009278858
0_0021.jpg,0,16.4800189688355,10.442211262044,-6.11251954277995
0_0025.jpg,0,35.5390814164065,-9.80628499603785,-0.191874754379561
0_0027.jpg,0,-30.4481567265,-17.4074767857312,-163.674183691897
0_0033.jpg,0,1.49047466105421,-44.970999027555,-2.84732721556919
0_0035.jpg,0,19.2617527146791,-25.1381875831953,-1.85126965949198
0_0043.jpg,0,48.176626410089,-43.7727317619914,-18.4801874566246
0_0045.jpg,0,23.5080650497263,-38.4745418808881,-3.41512908374705
0_0052.jpg,0,-3.08616127780778,-28.8360897768013,-2.3801360864493
0_0053.jpg,0,8.38764626743284,-38.4245023038425,-11.9058541879215
0_0054.jpg,0,10.943730915261,-16.3379443724998,-1.98453239507972
0_0055.jpg,0,-4.57699456766217,35.3132827873484,9.16014650755618
0_0056.jpg,0,-2.40406249301442,17.6075166387202,-0.174970390765288
0_0057.jpg,0,-0.874035493739614,16.7914452989949,0.5391740088669
0_0064.jpg,0,48.176626410089,-43.7727317619914,-18.4801874566246
0_0067.jpg,0,48.176626410089,-43.7727317619914,-18.4801874566246
0_0070.jpg,0,22.5503670787407,-8.88427092516627,-3.88084243540512
0_0074.jpg,0,20.0443938493863,-25.17629688287,-8.71310590097263
0_0080.jpg,0,20.5204155159862,-23.1076964032586,-8.10293606536946
0_0082.jpg,0,23.9763059010667,-29.0111142634988,-7.08556356409345
0_0089.jpg,0,-10.1163159354396,-21.4860524086871,5.46242153574394
0_0091.jpg,0,11.1194614167652,-42.0757761864112,-14.0344182872053
0_0092.jpg,0,5.14769884105819,-39.5701775245911,-11.8709913101797
0_0094.jpg,0,-12.8006159095229,-23.5123178031045,-2.20223896738455
0_0095.jpg,0,5.41132653093672,-37.4542697338392,-20.011337738109
0_0099.jpg,0,-16.1138639737768,-32.1828327415307,10.1319271206153
0_0102.jpg,0,7.02045708247892,-24.5844588844777,-6.21874219551656
0_0106.jpg,0,-2.40406249301442,17.6075166387202,-0.174970390765288
0_0123.jpg,0,-6.15479539975877,52.0313403878215,6.33364538581284
0_0125.jpg,0,-7.51243555027835,-53.0580753456713,-8.24321957022638
0_0131.jpg,0,3.82938315891508,-25.4103743764205,-2.99896611553346
0_0132.jpg,0,-4.47162272240731,-29.3715657989492,-1.55444842949034
0_0133.jpg,0,-5.30843587821374,-41.6116503772473,11.2637160318309
0_0134.jpg,0,-22.5279510691179,-21.8254060539583,17.3621797510797
0_0135.jpg,0,6.00202216644603,-38.1906706830136,-11.8750332104837
0_0139.jpg,0,7.90350473761156,-41.7042658422903,-3.27710553291675
0_0140.jpg,0,2.61089018292397,-15.912348053526,0.318931732615922
0_0142.jpg,0,-17.3171605383982,-29.4039465480433,20.0585223203769
0_0143.jpg,0,0.691565231568976,-35.826797139935,-11.2616637887065
0_0144.jpg,0,21.1893549120125,32.4698014856003,32.6938738255436
0_0148.jpg,0,-24.717706628233,-29.0282388311061,9.62987273060472
0_0152.jpg,0,-11.6407861876468,-13.4201605991186,7.39776000037342
0_0162.jpg,0,-10.3759932162674,-22.9356545586507,8.21484586185801
0_0163.jpg,0,-7.10414787826958,-25.5307759579685,-8.6531496315692
0_0171.jpg,0,12.1351574021166,-2.84250731464873,-0.631550557513349
0_0178.jpg,0,13.7403833788525,-14.3429670173602,-4.87460935743461
0_0179.jpg,0,10.9679165854472,-2.66022655921815,-0.779666879216527
0_0188.jpg,0,12.9527581368038,8.49800853477223,13.62586440173
0_0189.jpg,0,-2.80531116365052,23.7959214688099,2.79797542866932
0_0190.jpg,0,2.61192479910014,-30.4606023843563,-9.21252820924234
0_0192.jpg,0,9.96460502911343,-19.4466846891171,-4.46936621239833
0_0193.jpg,0,21.7251727901525,-13.7915506010931,-5.83423585583417
0_0195.jpg,0,-25.3358710131723,-23.8875379759866,23.8922866025413
0_0197.jpg,0,-3.80641121826061,-33.8586272535115,-14.4431844530368
0_0199.jpg,0,5.81635044302297,9.9436378415312,-0.260905690182629
0_0200.jpg,0,4.4345200646468,-32.6474545967629,-0.168300603351571
0_0201.jpg,0,12.1918390686615,-21.1953270618935,-7.4377481078366
0_0209.jpg,0,-0.488423410163033,-26.1052568118139,-0.799927699356721
0_0211.jpg,0,8.7448019021814,-38.4024155895827,-14.0764847237092
0_0223.jpg,0,7.30831212908632,-48.2238250425101,-42.4367215752469
0_0224.jpg,0,9.55325371116197,-37.6501437696145,-17.2057711843246
0_0229.jpg,0,-17.3171605383982,-29.4039465480433,20.0585223203769
0_0232.jpg,0,5.43686386570475,36.5061175440661,32.340810439089
0_0235.jpg,0,-0.112649005542077,-35.5687057378675,-9.52346498313555
0_0236.jpg,0,20.4494492878744,33.4747730704893,32.3046989329203
0_0238.jpg,0,1.0750142951543,-29.8566148987465,7.99004355173959
0_0240.jpg,0,-0.381160140952955,-30.4399344443026,-21.2565044010574
0_0244.jpg,0,-12.4738920310357,-17.7702054868442,8.80434992776337
0_0247.jpg,0,-3.22875560754288,-4.55007114716945,17.4455678947391
0_0252.jpg,0,15.3227729293745,-11.9188046193513,10.3206751701479
0_0254.jpg,0,16.7855426608749,-7.00981865980783,-5.71765403167529
0_0255.jpg,0,-12.5330880434932,5.29201068863777,7.47414091384471
0_0256.jpg,0,-5.50689992038231,-32.9826691288346,-7.59299178503612
0_0257.jpg,0,12.2701485737288,-13.1364999022278,-10.5458257917292
0_0261.jpg,0,35.3756731770115,-5.63096044775711,-3.34623167345597
0_0263.jpg,0,9.02299690261612,-12.4275244985738,-5.91883652319216
0_0267.jpg,0,11.396086951732,-4.7741357675648,-1.27889288650149
0_0270.jpg,0,20.4323716238392,2.41906523936516,-1.92794110198263
0_0272.jpg,0,-4.54574121742974,-32.6549947904711,-8.75993351996912
0_0279.jpg,0,13.9503952439627,-5.83499165525524,-2.50031471415193
0_0281.jpg,0,-1.9597737278756,2.9098305816962,-162.785779795945
0_0282.jpg,0,-2.34652922847879,23.9541968779204,4.5168141751615
0_0286.jpg,0,-4.18619599450891,22.2969274492844,6.92650203636179
0_0287.jpg,0,21.0960051838342,-10.9621661957795,-4.59077161741747
0_0293.jpg,0,16.3059476499477,-29.2607405754453,-0.0861138740867731
0_0295.jpg,0,-0.786896370402632,-11.7671476831188,-1.08473957999494
0_0296.jpg,0,11.6661908347376,-18.0034365306904,-6.52481201030735
0_0342.jpg,0,6.75119424748707,35.8946387322493,9.79634259162511
0_0343.jpg,0,8.05180256373642,39.5908904917984,11.0418857262804
0_0344.jpg,0,7.59345271306979,34.0472691725928,10.9157876513633
0_0345.jpg,0,9.45292401929013,37.5749039994437,11.0131547583513
0_0346.jpg,0,6.98124266380258,36.9775922540155,10.0240893467896
0_0347.jpg,0,4.63151397483741,14.631837855412,7.07157200381569
0_0348.jpg,0,5.55356519857562,32.0986339998683,11.9366696473339
0_0349.jpg,0,3.37834847857621,-21.9733709014221,-1.9059924989087
0_0350.jpg,0,7.77715778343379,35.6683767723284,11.254194479916
0_0351.jpg,0,8.66791329887038,38.4312136503075,11.5105213980207
0_0352.jpg,0,7.56450465316938,36.160351406361,10.0355469066643
0_0353.jpg,0,5.68566260747209,34.7479570294056,8.64618797617915
0_0354.jpg,0,7.46069001557001,34.7643842545007,10.2428052133045
0_0355.jpg,0,6.04050308948855,35.9462542481837,9.00176784748598
0_0356.jpg,0,6.92094851377479,38.1972356521976,11.1527829832628
0_0357.jpg,0,6.33030812843721,35.391585230816,9.74888748621375
0_0358.jpg,0,5.47049629335164,33.2074471346073,8.35909098216371
0_0359.jpg,0,5.7674626989906,34.5394168180428,9.42631052455142
0_0360.jpg,0,5.21889533902667,30.6523518508612,9.96651536248992
0_0361.jpg,0,5.05116798204849,30.1417994899247,11.2503275498886
0_0362.jpg,0,5.1039753027758,30.7903956004213,10.1366272089746
0_0363.jpg,0,6.51434448491917,34.7658703188009,11.7930442120743
0_0364.jpg,0,7.07812455165731,35.1392908066244,11.0616279230473
0_0365.jpg,0,6.28674328831345,35.1156079653228,9.66533419031006
0_0366.jpg,0,5.3182856896065,34.9381215400674,10.3742822658833
0_0367.jpg,0,6.60793930525052,35.4076614748242,10.1069419877847
0_0368.jpg,0,6.10782050331495,35.5821177032515,9.40823639953437
0_0369.jpg,0,5.54306987910753,34.3063991337583,9.81547626354701
0_0370.jpg,0,7.98877126211382,34.2100708841581,10.2094218427206
0_0371.jpg,0,6.77689358804414,35.4394677263437,10.3453732224421
0_0372.jpg,0,8.29565262061482,35.5014927621877,10.5198336897824
0_0373.jpg,0,6.1234920214148,31.4780625202748,9.76318336771437
0_0374.jpg,0,6.36640650073029,35.1195283752629,8.98912019119566
0_0375.jpg,0,6.7229536210031,35.7598874976277,9.71202126247895
0_0376.jpg,0,7.22447492582563,37.1662478140914,10.2346465194671
0_0377.jpg,0,6.25091614834847,36.7772924600497,9.18028833817116
0_0385.jpg,0,8.0595723251664,-24.0770811064988,-2.84413662362185
0_0386.jpg,0,7.50147516616501,36.7311407596957,9.52766160066997
0_0387.jpg,0,4.6403192874763,-39.4721785160206,-4.12569397828652
0_0389.jpg,0,3.55735841950274,-40.4666618945458,-2.54398311148413
0_0390.jpg,0,6.83763232783201,-45.1249588534372,-4.47426466416885
0_0391.jpg,0,7.0085587830925,-40.9302228598733,-6.14482718666198
0_0395.jpg,0,9.95702236187762,-37.773764877403,-4.77330675537535
0_0398.jpg,0,8.93482852361075,-34.951111709233,-5.04330614741916
1_0012.jpg,1,-20.3042501553995,1.35263951662883,0.463602259691639
1_0013.jpg,1,-14.9620436441194,2.4346363303737,-7.37440702513933
1_0073.jpg,1,-5.70761283700077,-13.6284989395548,1.98443073821023
1_0226.jpg,1,-11.0031519140581,-51.3351879319654,-40.1043061898679
1_0227.jpg,1,-14.3093285093517,-46.1992506265405,-31.2305523966019
1_0229.jpg,1,-15.5463701031967,-40.2765655107502,-18.7436514918724
1_0241.jpg,1,-14.7323508468616,-56.7451314674199,-35.1224473510653
1_0394.jpg,1,-21.3251967758848,-1.20783983733447,-5.8303559218059
1_0395.jpg,1,-21.1309036595661,-5.03917318655195,-5.96119179086987
1_0397.jpg,1,-15.9259949240002,-10.5536786293234,-7.37159384253234
1_0398.jpg,1,-10.4940622420241,-23.7583571448143,-4.78453382006384
1_0399.jpg,1,-17.9600022180343,-5.42288809102423,-7.41948731609462
1_0400.jpg,1,-21.169957502936,-3.99998188289561,-5.75638530874197
1_0401.jpg,1,-22.1044355288977,-0.345807726541418,-5.52702233435664
1_0402.jpg,1,-20.0771650470628,-2.3799580806143,-8.76624169501539
1_0403.jpg,1,-18.4431058900063,-2.9166771201605,-8.65125782952792
1_0404.jpg,1,-17.2132378060551,-4.12030740950583,-6.22369590031482
1_0405.jpg,1,-18.9876370372546,-4.23977052940581,-6.61208193943488
1_0407.jpg,1,-22.3806640187758,-3.30298260645314,-7.61374966761163
1_0408.jpg,1,-21.8980136099285,-4.68510128675563,-5.97859120120844
1_0410.jpg,1,-16.4985973050136,-4.62587463389951,-3.26908544227211
1_0411.jpg,1,-15.5363919829844,-10.7789540736858,-11.2557240027638
1_0413.jpg,1,-20.4732625963489,-5.20636503904944,-10.0266471986018
1_0415.jpg,1,-18.4665120938419,-0.628838022556959,-9.17617497430284
1_0420.jpg,1,-12.5664246424321,-8.32566317198943,-4.55845351430206
1_0505.jpg,1,-10.3493169594635,-17.3962846223489,-15.7098357019295
1_0512.jpg,1,-11.2243378984152,-2.87620776139026,-0.774338906659876
1_0516.jpg,1,-14.3250363063308,-22.0407776516887,-4.42039515098357
1_0517.jpg,1,-13.8799515667655,-8.15419519672926,-3.06557031782236
1_0518.jpg,1,-9.78399465050529,-0.646764226036387,0.252512587630901
1_0519.jpg,1,-10.7724087049532,1.15419075490211,-2.04887006565498
1_0520.jpg,1,-11.9389977008989,2.12488153299715,1.76069934600744
1_0521.jpg,1,-12.2677474072173,-2.06735503563244,-1.40349088915982
1_0522.jpg,1,-4.14189714693487,2.13185485417351,5.76941737822018
1_0524.jpg,1,-15.9950945222371,-4.08900237878551,-3.32588208852193
1_0525.jpg,1,-6.41911030533525,-5.52960760795992,-2.07361194335669
1_0526.jpg,1,-16.1874903785699,-11.9942181490091,-6.35233821065951
1_0528.jpg,1,-22.1512040641931,-24.7389581699737,11.6053760865393
1_0530.jpg,1,-1.52325283591877,-27.679182244129,-3.17292231511528
1_0531.jpg,1,-21.816976710598,26.257332598337,-14.6078872626161
1_0532.jpg,1,3.40236181035047,-14.4770466470036,-3.36217974789065
1_0533.jpg,1,-6.50558453290374,-17.2143379290352,-8.38650425978946
1_0535.jpg,1,-9.90839554781717,39.5647810301573,0.726514461126406
1_0538.jpg,1,0.954979100779243,22.4609257831387,26.3397721130472
1_0540.jpg,1,-13.5249382199897,-9.49567700424096,-8.43440262915717
1_0541.jpg,1,8.09784193541581,27.8512314672435,-4.80134483319995
1_0543.jpg,1,-4.48185229232177,-21.0582779949971,-6.83500857111031
1_0544.jpg,1,-18.6235664144907,-31.8283234816367,21.1781952643441
1_0546.jpg,1,-2.32920748370887,24.4767266860411,23.1859144330089
1_0547.jpg,1,-25.3880426637196,-20.7372164390046,32.6478147549344
1_0550.jpg,1,-15.1567578770536,35.4360902089804,36.291028262636
1_0554.jpg,1,-11.3442374479759,5.34892968289497,0.0234966338122572
1_0555.jpg,1,-8.40446697349223,5.30273401279956,-0.49400303307179
1_0556.jpg,1,-13.7542412838683,4.59627942961414,-0.351903144238989
1_0557.jpg,1,-9.2969060422911,8.27262468797123,0.198893992131543
1_0558.jpg,1,-14.0449443411481,7.96650927284066,0.808996274209169
1_0559.jpg,1,-10.6284912832903,8.08114263350772,0.0836646902208619
1_0560.jpg,1,-14.6166914176411,6.1928499762308,2.45424075774801
1_0614.jpg,1,-6.56517173607393,4.53150771470704,9.50370888520892
1_0615.jpg,1,-12.0685948824734,14.5777242762392,5.53438670988335
1_0616.jpg,1,-12.3158741304388,9.09716673372708,2.9602411322679
1_0617.jpg,1,-10.4152695859922,12.4997208216463,6.09695453322081
1_0618.jpg,1,-7.94436559428235,12.4249614053832,5.93967716014122
1_0619.jpg,1,-3.38422207929919,8.56926396125317,5.66248129548999
1_0620.jpg,1,2.98262160153997,13.3808943319478,6.53179985490441
1_0621.jpg,1,2.40766987579267,12.240407726043,5.14684263693973
1_0622.jpg,1,7.80612516789863,14.7045413217523,6.98300543477786
1_0623.jpg,1,16.0874496129436,15.9640583066038,8.35841287781707
1_0624.jpg,1,16.9886742878986,14.6989911770078,8.11134376093754
1_0625.jpg,1,15.8718622145706,14.0401549325031,6.6016846484428
1_0626.jpg,1,20.1374002009286,19.2293331884579,8.59056112487848
2_0008.jpg,2,-18.4575401336605,-17.8513611345688,8.98264249476332
2_0009.jpg,2,-18.0197764851024,-35.6981232057398,1.51573609720371
2_0010.jpg,2,-22.0245909103062,-27.821302041987,7.18260147195519
2_0011.jpg,2,-19.6100819250203,-33.0514514643579,-1.15411557631467
2_0012.jpg,2,-16.8287152640904,-36.1114200336405,-1.15491156684135
2_0013.jpg,2,-15.5916076194942,-37.7206294554304,-0.0163585593072604
2_0014.jpg,2,-14.894925039366,-42.573897130685,-4.15667668750288
2_0015.jpg,2,-11.8852405968165,-42.7417601754603,-6.52175771695489
2_0016.jpg,2,-12.4147215736266,-42.5240828871581,-6.5820313256985
2_0017.jpg,2,-12.1377418602189,-45.8443083975193,-9.76422164370836
2_0018.jpg,2,-15.7275877774492,-50.2269410292164,-10.8905565669
2_0019.jpg,2,-5.18588223810981,-50.2816021827156,-18.0387593650075
2_0020.jpg,2,-4.81596342024764,-52.2189817865348,-21.7740953054121
2_0021.jpg,2,-3.41924953681292,-53.1845038836331,-22.1190632445714
2_0022.jpg,2,5.7670150910131,-54.0911623237367,-28.0236476635666
2_0023.jpg,2,4.57823379801822,-56.1386558176601,-29.5405389613758
2_0024.jpg,2,20.874921961395,-55.094466751686,-39.158837235547
2_0025.jpg,2,22.8761763274787,-56.5896611983153,-42.7516353500101
2_0026.jpg,2,13.2521485422224,-62.1460434920477,-42.8632070090316
2_0027.jpg,2,17.5288339436085,-60.2480863385585,-43.0678072574567
2_0028.jpg,2,23.5813352816977,-60.1663925670217,-48.1113645400677
2_0029.jpg,2,28.8867937439068,-59.0915775116601,-55.4095556568489
2_0030.jpg,2,30.9586045367388,-57.9066617958927,-53.3973552901155
2_0031.jpg,2,27.8750352932279,-58.5322196356723,-54.5333765012642
2_0032.jpg,2,17.3450814002788,-58.0469875307401,-45.7162175346839
2_0033.jpg,2,17.4316616820834,-60.0812971677732,-45.1928171140719
2_0034.jpg,2,9.69065670129135,-61.6137794154721,-41.721197594524
2_0035.jpg,2,17.1964105532122,-60.3102667758859,-47.2887501113647
2_0036.jpg,2,11.3236006730964,-61.0328451114491,-41.5531487179397
2_0037.jpg,2,12.6854675541922,-59.9639568240846,-43.7335333354514
2_0038.jpg,2,3.33413780511184,-59.7378413149022,-33.3394680170014
2_0039.jpg,2,-2.23989696548211,-59.369977568632,-29.2175254697627
2_0040.jpg,2,-4.71557408067542,-56.0358356173329,-21.8669109341187
2_0041.jpg,2,-4.33741216191683,-58.6884621976169,-27.6371280726248
2_0042.jpg,2,3.67319284173465,-61.5783066451027,-36.5306340070324
2_0043.jpg,2,-4.30500799014875,-59.8231584240066,-27.5279854862936
2_0044.jpg,2,-4.95034446960192,-54.8422387156661,-22.3636391049757
2_0045.jpg,2,-6.40537333220055,-59.2968171875215,-23.1743247048099
2_0046.jpg,2,-5.44462231762341,-55.5589232743581,-21.3736977011738
2_0050.jpg,2,-21.7483273161847,-48.6102580477191,-8.77316363226044
2_0051.jpg,2,-18.7448036468193,-53.8649263096031,-16.9898337335094
2_0052.jpg,2,-18.6389560304808,-53.870337612436,-17.5345836322628
2_0053.jpg,2,-15.686263305388,-49.3402237045776,-14.8418162935262
2_0066.jpg,2,-4.55315818527474,-48.930292314345,-20.9740449673472
2_0077.jpg,2,-10.2718173992366,-48.7910801234294,-14.2947107704034
2_0084.jpg,2,-22.8764121876511,-44.6159116725865,-1.27070849774407
2_0085.jpg,2,-18.3425706362476,-42.3415829050701,-6.59440555861221
2_0086.jpg,2,-19.9360557986577,-50.4606310902763,-7.34592087517777
2_0087.jpg,2,-13.4518545688522,-47.1737712436444,-9.39549918865877
2_0090.jpg,2,-6.20533036304934,-61.0249331294089,-27.8025186169496
2_0091.jpg,2,6.04841396464159,-57.7118722365655,-37.0106570197041
2_0092.jpg,2,3.38691471896837,-57.8746133841039,-33.502296628247
2_0093.jpg,2,-0.364302129308852,-56.2784877847498,-30.9745981036453
2_0094.jpg,2,0.0134878085908818,-59.4533805120082,-33.720344816103
2_0095.jpg,2,2.20671972543021,-58.4944243162058,-36.3855684527
2_0096.jpg,2,-13.7035147852625,-41.5777776087356,-7.17347780279656
2_0097.jpg,2,7.63913793460609,-59.6242999805054,-43.2786270449961
2_0098.jpg,2,5.3291173450052,-56.7329936696758,-41.2099775734743
2_0099.jpg,2,9.36590481653896,-54.9732042526007,-43.5738749392908
2_0100.jpg,2,11.6227881478239,-52.6488454160798,-42.8337486573418
2_0101.jpg,2,18.1374866835697,-54.0905828529764,-53.4682262287376
2_0102.jpg,2,21.1969405756934,-51.5606876189931,-54.8006080833557
2_0103.jpg,2,24.1869694490247,-49.4123507026893,-61.1455035082906
2_0104.jpg,2,10.543675084181,-58.6752969500315,-53.8001049580262
2_0105.jpg,2,4.53712594641429,-56.1243818288742,-43.794813815831
2_0106.jpg,2,7.70212060521411,-55.8028205448601,-51.2413993274604
2_0107.jpg,2,-14.2306288950238,-40.0830011433809,-5.92462607436349
2_0108.jpg,2,10.4535833693719,-39.5388591725305,-43.3556039305958
2_0109.jpg,2,2.69843645136671,-41.3548783136191,-28.6081712682443
2_0110.jpg,2,5.14246910718463,-45.8918822367664,-34.7575033083623
2_0111.jpg,2,24.3810786871191,-51.2881985315967,-62.6552913274883
2_0112.jpg,2,6.69469476469087,-46.8308284266606,-41.8330181782881
2_0113.jpg,2,-0.173015099383366,-32.8750732050485,-54.324446707136
2_0118.jpg,2,-15.9580233783353,-39.6177699156986,-3.68626316425966
2_0129.jpg,2,-11.9552034749931,-44.2370089324575,-9.66127209482488
2_0140.jpg,2,-13.3950028064377,-40.285800891326,-6.11431061583245
2_0142.jpg,2,10.3416033012694,-38.9526521040157,-68.3304130466677
2_0145.jpg,2,11.5336290250572,-50.4914721000535,-51.5909856182858
2_0146.jpg,2,5.10605371979709,-47.685500944814,-52.8227108715844
2_0149.jpg,2,-10.7544613777074,-31.2870580714794,-3.79189372951569
2_0151.jpg,2,-13.20433242223,-27.5362675922181,-0.70498375509479
2_0153.jpg,2,-19.7174316691891,-23.5771078987047,2.05887777354686
2_0156.jpg,2,-17.0013768725669,-14.7898072657221,5.99170524673027
2_0165.jpg,2,9.4413106368531,22.011244916713,54.6255978741674
2_0166.jpg,2,4.09345070002142,21.3292211627675,48.422021785321
2_0167.jpg,2,12.7464732946006,14.6408063467506,45.3796876193167
2_0168.jpg,2,4.52012191192834,28.1113921800331,42.8152602352525
2_0169.jpg,2,13.3503498326865,15.9978140238377,39.6746589833265
2_0170.jpg,2,-1.43869890497968,16.5181938204434,35.3456429807912
2_0171.jpg,2,-1.24840578046295,17.7448203523359,31.3737509014654
2_0172.jpg,2,0.865098297125568,8.45935713109318,26.8963951468886
2_0173.jpg,2,9.48288223313976,5.3930925417673,23.3290178399079
2_0174.jpg,2,9.39618819175397,4.80039007549685,22.1270658533824
2_0175.jpg,2,1.38545581973687,10.4304268272114,19.1464057065067
2_0176.jpg,2,-16.8287152640904,-36.1114200336405,-1.15491156684135
2_0177.jpg,2,-15.5916076194942,-37.7206294554304,-0.0163585593072604
2_0178.jpg,2,-14.894925039366,-42.573897130685,-4.15667668750288
2_0179.jpg,2,-11.8852405968165,-42.7417601754603,-6.52175771695489
2_0180.jpg,2,-12.4147215736266,-42.5240828871581,-6.5820313256985
2_0181.jpg,2,-12.1377418602189,-45.8443083975193,-9.76422164370836
2_0182.jpg,2,-15.7275877774492,-50.2269410292164,-10.8905565669
2_0183.jpg,2,-5.18588223810981,-50.2816021827156,-18.0387593650075
2_0184.jpg,2,-4.81596342024764,-52.2189817865348,-21.7740953054121
2_0185.jpg,2,-3.41924953681292,-53.1845038836331,-22.1190632445714
2_0186.jpg,2,5.7670150910131,-54.0911623237367,-28.0236476635666
2_0187.jpg,2,4.57823379801822,-56.1386558176601,-29.5405389613758
2_0188.jpg,2,2.43187570607736,13.9539913953677,-12.3157540072048
2_0189.jpg,2,6.66797151561254,13.3960015646757,-10.9655315015383
2_0190.jpg,2,3.04187669642944,25.4273688213532,-10.6174577328664
2_0191.jpg,2,8.73863167328866,6.36036757084423,-12.8165687287529
2_0192.jpg,2,-0.223362100177885,-8.23223030783976,-14.4074964438289
2_0193.jpg,2,28.8867937439068,-59.0915775116601,-55.4095556568489
2_0194.jpg,2,30.9586045367388,-57.9066617958927,-53.3973552901155
2_0195.jpg,2,27.8750352932279,-58.5322196356723,-54.5333765012642
2_0196.jpg,2,17.3450814002788,-58.0469875307401,-45.7162175346839
2_0197.jpg,2,17.4316616820834,-60.0812971677732,-45.1928171140719
2_0198.jpg,2,9.69065670129135,-61.6137794154721,-41.721197594524
2_0199.jpg,2,17.1964105532122,-60.3102667758859,-47.2887501113647
2_0200.jpg,2,25.0588150319134,2.48674781026843,21.8829125447829
2_0201.jpg,2,11.3236006730964,-61.0328451114491,-41.5531487179397
2_0202.jpg,2,12.6854675541922,-59.9639568240846,-43.7335333354514
2_0203.jpg,2,3.33413780511184,-59.7378413149022,-33.3394680170014
2_0204.jpg,2,-2.23989696548211,-59.369977568632,-29.2175254697627
2_0205.jpg,2,-4.71557408067542,-56.0358356173329,-21.8669109341187
2_0206.jpg,2,-4.33741216191683,-58.6884621976169,-27.6371280726248
2_0207.jpg,2,3.67319284173465,-61.5783066451027,-36.5306340070324
2_0208.jpg,2,-4.30500799014875,-59.8231584240066,-27.5279854862936
2_0209.jpg,2,-4.95034446960192,-54.8422387156661,-22.3636391049757
2_0210.jpg,2,-6.40537333220055,-59.2968171875215,-23.1743247048099
2_0211.jpg,2,-2.13704109198009,0.485050614105491,17.9903540826948
2_0212.jpg,2,-5.44462231762341,-55.5589232743581,-21.3736977011738
2_0213.jpg,2,-7.75238295451348,-3.30825262831113,14.5347215125595
2_0214.jpg,2,-6.63541703249665,0.833179312419118,16.6192154034236
2_0215.jpg,2,-11.8352602060137,3.53332178999474,19.9332829375335
2_0216.jpg,2,-3.85279771585108,4.0326308640704,21.9152455103902
2_0217.jpg,2,-7.44549454081928,3.98254996658584,24.1118091975177
2_0218.jpg,2,11.7280925657565,3.49000452250558,28.1210040706042
2_0219.jpg,2,17.6267105227337,9.79081623004312,38.8240551466435
2_0220.jpg,2,15.3651138784159,7.19559110187509,36.7933489393176
2_0221.jpg,2,19.005431650729,6.73884631919847,38.2887607813659
2_0222.jpg,2,-2.33059466372199,8.89542337772692,19.9982225896949
2_0223.jpg,2,10.8015319161425,8.10440517834563,38.4708453585131
2_0224.jpg,2,10.6171613078424,10.7059493544347,43.9568572895185
2_0225.jpg,2,4.17072191930657,13.1164934118839,43.4939096408043
2_0226.jpg,2,7.00445655730918,6.15405883175984,43.2389164584841
2_0227.jpg,2,18.1006109471655,7.1605292343238,45.3497450385801
2_0228.jpg,2,1.71258847253993,18.563920422269,48.01311819635
2_0229.jpg,2,-1.09537024794292,19.7619859208342,48.6521432283839
2_0230.jpg,2,10.9210050450884,12.1878088569482,53.393718122771
2_0231.jpg,2,4.82032371154089,14.9296897251409,51.6151985893439
2_0232.jpg,2,8.89664042727949,15.4189048097409,53.5447355913179
2_0233.jpg,2,12.6375823718943,3.86504409903316,24.220933683478
2_0234.jpg,2,-0.717616570964404,20.40882971787,52.170317159937
2_0235.jpg,2,1.74313576328665,17.729581353655,57.5530076940988
2_0236.jpg,2,10.9215353154041,8.08308664550803,58.1799513791363
2_0237.jpg,2,3.60908461871149,14.5453390718348,55.4068151441561
2_0238.jpg,2,2.19608785614086,18.7497165003625,52.8037689969089
2_0239.jpg,2,4.54956771200594,17.227090992519,54.4989579094704
2_0240.jpg,2,-0.496453483187579,20.8975925184856,50.0134310792378
2_0241.jpg,2,7.15630365589378,10.4716984407495,47.6095217371075
2_0242.jpg,2,16.2254474770313,7.44909222447062,44.7312805199734
2_0243.jpg,2,2.10027389808858,2.45604896763126,36.2190434516155
2_0244.jpg,2,-1.6906589330439,9.21509749644335,25.2886007303938
2_0245.jpg,2,11.2146983754436,3.22024755276129,32.2778726217006
2_0246.jpg,2,-2.45498703778454,8.4015559172595,29.7283440108122
2_0247.jpg,2,0.93139986631317,5.53161247709856,25.7413347389648
2_0248.jpg,2,-7.50783566176125,9.5612217034119,20.0079064862397
2_0249.jpg,2,-6.01232541265429,12.9036870051137,18.4537280983915
2_0250.jpg,2,-7.52907936541852,8.70576410391248,14.5973889109869
2_0251.jpg,2,-5.81835027098647,6.76641147995408,12.3372398063429
2_0252.jpg,2,3.0190443707145,4.49391218627056,11.5824094562444
2_0253.jpg,2,-0.036232910382735,4.07266869638141,4.43488483860246
2_0254.jpg,2,3.64025949343848,5.73479638434615,28.586461598811
2_0257.jpg,2,3.38613501551174,-4.37411241094705,-16.9089406310095
2_0258.jpg,2,3.78535648694031,6.69931391770308,-16.1956310403063
2_0259.jpg,2,4.1138546615026,6.08858829642131,-20.7547556322303
2_0260.jpg,2,2.36730503621456,-8.71230687238433,-26.6995025855328
2_0261.jpg,2,11.1973024719203,-6.60126829971322,-28.0098174698422
2_0262.jpg,2,4.89802026541338,0.33352454014136,-28.0458399884255
2_0263.jpg,2,-4.86159426656565,12.9100147803372,30.1488226694308
2_0264.jpg,2,7.49832114205885,-9.14076794066928,-35.1810814927257
2_0265.jpg,2,-2.28746698268935,-14.2669249915851,-34.5934382439538
2_0266.jpg,2,7.0667634705478,-10.5820003560496,-40.1951777318059
2_0267.jpg,2,5.5472582635165,-6.55004592141405,-41.0383047923716
2_0268.jpg,2,3.34660603276254,-5.19646238511047,-47.077528140818
2_0269.jpg,2,5.52410556410918,7.81242940710162,-42.1790412347971
2_0270.jpg,2,4.20313561617993,-5.80736289627495,-46.063850736491
2_0271.jpg,2,8.8522251506932,-6.93621255771453,-48.4096512582718
2_0272.jpg,2,11.5132440269588,-2.20458858844277,-47.2802133668559
2_0273.jpg,2,7.18183468189665,-9.13493177435226,-50.873502875312
2_0274.jpg,2,-1.53722139369589,16.3092271425538,33.269009150038
2_0275.jpg,2,10.8160535736591,-2.33427998985811,-53.0997700263775
2_0276.jpg,2,11.3295588128853,-0.277975095292964,-50.7588530539714
2_0277.jpg,2,11.9276651098048,-11.7794677812808,-59.995135402976
2_0278.jpg,2,8.04900547525444,-16.2209495323254,-60.804402144643
2_0280.jpg,2,7.99466541964872,-13.7197891889057,-59.5103298013174
2_0283.jpg,2,13.7600567048496,-14.5090120585657,-65.1002497491628
2_0285.jpg,2,-2.43408689695783,11.3228270695483,34.0138765048574
2_0290.jpg,2,17.3209203710462,-22.0853573102797,-75.0260326449076
2_0296.jpg,2,1.32615903308787,22.208546031956,37.2186356060167
2_0298.jpg,2,24.5263962539441,-10.2762276012879,-56.791716226219
2_0301.jpg,2,-3.62665497119165,-19.3338075661436,-58.4121180813143
2_0304.jpg,2,-8.82197829493905,-22.0470482388068,-60.9870176460567
2_0307.jpg,2,2.57693751992366,20.7723682244262,38.2325806704959
2_0308.jpg,2,-5.31456562169584,-19.2113586327872,-51.7153520072899
2_0309.jpg,2,-1.4961609867693,-26.5425082900216,-53.1354160801695
2_0310.jpg,2,-8.13338395908935,-25.4211425292414,-47.140940197041
2_0311.jpg,2,-8.29455523283311,-24.0849654390646,-43.3967350578068
2_0312.jpg,2,-13.7339377522352,-21.7835588900239,-36.3946772628561
2_0313.jpg,2,-15.3939802307172,-17.0593414566344,-26.0625538726783
2_0314.jpg,2,-18.612238756411,-14.0791861694505,-20.1768108513117
2_0315.jpg,2,-22.5767831125818,-12.0993466345521,-15.2387533340661
2_0316.jpg,2,-21.6229865674152,-12.636214996468,-14.8554274590255
2_0317.jpg,2,-21.1736359547482,-8.83739076005894,-10.1151833480505
2_0318.jpg,2,-3.97410545308074,23.3853419232466,40.5864204883843
2_0319.jpg,2,-21.8610614657945,-7.60013255730333,-8.39515167619456
2_0320.jpg,2,-19.9068327393753,-0.414784524884543,-2.38283742329352
2_0321.jpg,2,-24.3846599733168,0.379108928134633,0.531997421403402
2_0322.jpg,2,-21.4111289451608,-0.68512722498938,-1.35403081398609
2_0323.jpg,2,-9.68760039206952,15.4780548590924,-0.253391046325874
2_0324.jpg,2,-21.4735657846919,0.770312326392989,4.3929570331607
2_0325.jpg,2,-18.3916485376789,3.24038785854726,1.5859195819661
2_0326.jpg,2,-15.9621217116624,1.19572887065716,5.73543600627274
2_0327.jpg,2,1.8158988560896,23.1641367507269,43.3735541895564
2_0328.jpg,2,5.3965233818645,17.7097220615432,42.6299796716167
2_0329.jpg,2,14.1586728665134,16.0391565718423,45.4331303545222
2_0330.jpg,2,8.43738749580227,22.8854761494635,45.9806036225783
2_0331.jpg,2,8.19444330261737,17.7122350065546,48.4811621673154
2_0332.jpg,2,7.78250132675822,18.27522155721,49.9743302921974
2_0333.jpg,2,9.3829905613529,14.7356610466439,51.0089887006482
2_0334.jpg,2,7.30331352993059,17.0913455295797,53.0487983769543
2_0335.jpg,2,9.94804835761953,22.1554937228007,54.6869820845449
2_0336.jpg,2,5.12635376527477,20.0885292558707,55.4983220943234
2_0337.jpg,2,9.72934548930833,20.257359760038,58.2875206473432
2_0338.jpg,2,12.4170703071143,18.7868026657057,59.3577319479798
2_0339.jpg,2,12.4654710471323,21.9772138861213,60.3380536950287
2_0340.jpg,2,6.89807196491364,21.6929010551925,58.4499560295881
2_0341.jpg,2,12.5037682664152,17.9955529732152,56.3312743779644
2_0342.jpg,2,5.18556097967533,9.40588771162621,26.7428406904628
2_0343.jpg,2,31.8621539089289,32.0033851183226,-18.8576800670388
2_0344.jpg,2,23.8296943764905,-24.4050032189178,12.2716590875716
2_0346.jpg,2,10.8394354672351,0.862609064495848,28.7722110047046
2_0347.jpg,2,-1.05292027756801,-24.5053713862836,-20.9267995586468
2_0348.jpg,2,38.3125695927845,30.7279290678838,-13.5991252566424
2_0350.jpg,2,-3.16954314678265,-5.43545280241831,17.2057381241817
2_0353.jpg,2,8.25627392969303,11.6664062208339,30.9847868299523
2_0355.jpg,2,0.35369364103375,-6.29692072257087,-0.253306086044051
2_0357.jpg,2,-12.5454028872165,3.82005552251803,18.0054390999922
2_0361.jpg,2,3.43418260424179,-50.8833470263902,-44.2947655904101
2_0362.jpg,2,6.7412196785188,0.472613802492973,29.4534773694395
2_0364.jpg,2,2.91061661306555,-22.5592709968515,27.8530705316829
2_0365.jpg,2,-25.7684193642921,0.37979289673009,40.7712881378565
2_0001.jpg,2,5.07199442732083,21.5218392142237,32.6943411073838
2_0002.jpg,2,5.91345455983727,24.6767976446458,34.568771992027
2_0003.jpg,2,5.32516771870777,24.9322407172555,34.4620605895778
2_0004.jpg,2,7.1270988862698,24.3086103004594,37.2829971872131
2_0005.jpg,2,5.22386875560051,24.2141041005786,37.0968301350516
2_0006.jpg,2,3.54533676287947,27.8063430546812,38.6056457698029
2_0007.jpg,2,4.27685264041288,26.7190851809,38.7891181304605
2_0008.jpg,2,2.64746582159002,27.3644721188041,39.218580419165
2_0009.jpg,2,6.71420779820936,23.7431171306165,41.4151919471037
2_0010.jpg,2,6.74048241933073,25.7012453888161,42.0665802677485
2_0011.jpg,2,4.42460710488779,29.1184771649076,42.855439470981
2_0012.jpg,2,2.71954657504267,29.9583617734222,43.0947765342711
2_0013.jpg,2,1.10055915237387,29.1723149737197,42.9735293058946
2_0014.jpg,2,5.73985334046841,28.2788593986519,46.068908653291
2_0015.jpg,2,5.80030951410049,27.0645863616229,46.5763938910518
2_0016.jpg,2,4.07737021804825,29.2120100816273,46.3015595994009
2_0017.jpg,2,6.64609126818463,25.1576445397646,47.1097366531599
2_0018.jpg,2,3.72418792414528,28.9010720071161,47.2406791948934
2_0019.jpg,2,3.07033687500056,28.6418424849922,47.0838589347677
2_0020.jpg,2,5.41244278218181,29.6979182828908,49.0385773847658
2_0021.jpg,2,6.84180124979611,29.4808731895428,47.2139184044065
2_0022.jpg,2,5.29625209987049,28.7246786102028,48.0172820019284
2_0023.jpg,2,6.84825822915436,29.9219597136363,46.6980376408263
2_0024.jpg,2,5.00656263091083,29.3004927123663,44.5651206937378
2_0025.jpg,2,5.5950990717369,28.5698575051849,43.4121019927332
2_0026.jpg,2,9.70614682082311,27.2005891579748,43.7755749892263
2_0027.jpg,2,3.51095565878003,31.192746142231,43.1160587165633
2_0028.jpg,2,7.74783203458906,26.5123997615544,40.257150074527
2_0029.jpg,2,4.41219955739556,26.6861408082462,37.9289536257821
2_0030.jpg,2,4.55876011701213,28.6097406939237,37.2483101599908
2_0031.jpg,2,5.45256311530825,27.383304216781,36.5466668035292
2_0032.jpg,2,3.2646432454809,26.8596943209694,33.4320390318874
2_0033.jpg,2,0.583340644056868,27.279048210452,32.0909808889639
2_0034.jpg,2,3.12154061815102,25.8841016700425,29.6370579076757
2_0035.jpg,2,3.85440723682929,24.7602881300267,28.6942108032585
2_0036.jpg,2,5.55872715945358,22.4621047405966,26.2938922921675
2_0037.jpg,2,5.3085953094655,18.8865128496128,24.2723563588399
2_0038.jpg,2,1.91772955539333,18.5803971591171,23.0946362592305
2_0039.jpg,2,7.88915801672077,16.9888057064689,21.464180758391
2_0040.jpg,2,6.65501000096622,16.2683926750935,18.1389296791881
2_0041.jpg,2,3.2351503342017,11.043324248167,16.3251931609121
2_0042.jpg,2,11.0649395768371,11.5250776680459,14.6477657700244
2_0043.jpg,2,7.80712354943043,12.7437085621239,14.1310395259916
2_0044.jpg,2,6.61846341213221,13.4299288982419,10.7676889181641
2_0045.jpg,2,6.24331653354017,12.5532860426683,9.3311613889106
2_0046.jpg,2,14.3071199085248,12.0063679772995,7.70391559480383
2_0047.jpg,2,14.4482846098509,12.8134801838667,6.72031640569516
2_0048.jpg,2,12.0451830934521,12.4471794688476,4.221650836805
2_0049.jpg,2,16.6538374362647,11.3158832239119,3.73859091175615
2_0050.jpg,2,21.5521424355385,11.0504105395096,3.29055464938718
2_0051.jpg,2,15.2277546829068,-1.62367332017769,-21.0201832696469
2_0052.jpg,2,21.2693106265851,0.623434318895562,-21.1012955948013
2_0053.jpg,2,14.7776938187644,-1.7970139195886,-23.4278202377244
2_0054.jpg,2,18.6311058093898,-1.36997187142999,-22.9434574130765
2_0055.jpg,2,10.5758875470413,-6.58577464836272,-26.239271722532
2_0056.jpg,2,9.07125211558863,-6.06387795195713,-25.6222592704166
2_0057.jpg,2,8.97368750511214,-9.09414242127024,-30.9235291632814
2_0058.jpg,2,13.5287757968955,-6.73370474961365,-27.5092818775411
2_0059.jpg,2,11.5807255516951,-10.5120044423998,-35.4199659859997
2_0060.jpg,2,14.3756103685132,-10.7573260518454,-37.0141291876313
2_0061.jpg,2,7.37380426641411,-14.9454148919502,-30.3141145257064
2_0062.jpg,2,9.3050606637088,-11.4733389109029,-33.3242605330259
2_0063.jpg,2,7.48274208770752,-12.4085905144696,-33.1504607456847
2_0064.jpg,2,4.73450005262627,-13.06213856848,-33.5437400783035
2_0065.jpg,2,7.42694521780897,-12.6283596691095,-35.5495076559437
2_0066.jpg,2,4.51716767846094,-12.6964118188542,-34.9942805200992
2_0067.jpg,2,16.8454316513575,-9.61779058355075,-39.8766429360582
2_0068.jpg,2,10.3260189999237,-14.0450305302177,-37.7339525100964
2_0069.jpg,2,6.01008347872233,-14.6644289321804,-37.7870879463883
2_0070.jpg,2,8.28738301761763,-15.5199363756183,-39.6276486955165
2_0071.jpg,2,8.2226217310013,-16.5541148976198,-40.1750650267696
2_0072.jpg,2,6.30828096991839,-17.303334235829,-40.9913219207746
2_0073.jpg,2,16.5237635626483,-12.9380721117146,-46.8922809486853
2_0074.jpg,2,11.4785189823157,-13.8589448446952,-43.2925767432994
2_0075.jpg,2,8.26054509399965,-15.8165138731476,-42.1141799179498
2_0076.jpg,2,13.2345221212955,-13.2428454429897,-42.5647949476307
2_0077.jpg,2,11.0387341195853,-12.1940008404776,-42.3465269084091
2_0078.jpg,2,2.73665624361056,-20.5699792654848,-41.890370266519
2_0079.jpg,2,2.73665624361056,-20.5699792654848,-41.890370266519
2_0080.jpg,2,11.7297377989481,-16.0065264814847,-44.9391213555839
2_0081.jpg,2,13.4754656254412,-11.1217916525573,-45.7337175216342
2_0082.jpg,2,8.63783905840901,-18.8992502475268,-46.1774292326148
2_0083.jpg,2,10.4655124703269,-20.2060198242939,-48.4793306052852
2_0084.jpg,2,7.48655279976106,-23.6037226835133,-47.9645096363743
2_0085.jpg,2,7.861068956613,-22.8614457008253,-47.6971357392761
2_0086.jpg,2,6.34946395544586,-23.2089207808269,-45.9206490175565
2_0087.jpg,2,3.29751843668145,-24.1236776036673,-46.9309078227082
2_0088.jpg,2,3.73462934181066,-25.0127515789083,-47.2467986400146
2_0089.jpg,2,1.99759414566474,-23.4540134562844,-46.6658724946839
2_0090.jpg,2,4.83790360152918,-24.8181898726297,-46.945070596081
2_0091.jpg,2,1.81968088221193,-21.5716651108592,-46.5064526716435
2_0092.jpg,2,2.72823960941702,-22.8777508720033,-45.3409287907218
2_0093.jpg,2,5.99679806923527,-20.907041416663,-45.778739592166
2_0094.jpg,2,4.66149716041472,-25.2013804407438,-47.7502664867279
2_0095.jpg,2,6.19050706589477,-20.6324671287702,-44.1729382998124
2_0096.jpg,2,9.34107265959511,-19.218220280998,-45.355026181743
2_0097.jpg,2,2.32674570356953,-22.7087275661844,-42.9179467996144
2_0098.jpg,2,4.20109972044835,-25.2328556667744,-44.9927620350591
2_0099.jpg,2,2.7440816532692,-20.7068719003281,-42.4394215381295
2_0100.jpg,2,0.768610393938949,-20.2259253792769,-40.5174556896958
2_0101.jpg,2,3.89340263179892,-19.0402719258744,-38.0742839196205
2_0102.jpg,2,3.25626753121855,-17.8171995146512,-37.8173696681791
2_0103.jpg,2,3.14555634606702,-18.0743528764737,-37.5337586959435
2_0104.jpg,2,3.2151768599987,-19.7643568735985,-36.9587413135888
2_0105.jpg,2,1.36783551960355,-21.0393102712821,-35.4766555450753
2_0106.jpg,2,1.66642124136577,-19.3356281619488,-35.1523970228255
2_0107.jpg,2,2.92431345909874,-16.9138700171409,-33.6746816403869
2_0108.jpg,2,2.99899668284382,-15.7754587491063,-32.5730898147344
2_0109.jpg,2,1.55992521039147,-16.0873818958632,-30.9566539598723
2_0110.jpg,2,5.7931307020286,-13.5582061513689,-32.583001137425
2_0111.jpg,2,3.54010231860772,-16.8505181000603,-34.2124631314046
2_0112.jpg,2,3.29114463286686,-13.240746934816,-30.2907772303716
2_0113.jpg,2,9.24653724836226,-12.3385219040032,-28.4883966269149
2_0114.jpg,2,-0.474396704210714,-13.1254455995936,-28.397983555586
2_0115.jpg,2,-1.25720473160269,-12.8440563360396,-27.6394266868806
2_0116.jpg,2,-3.81175029349903,-12.414249981365,-24.4241125997642
2_0117.jpg,2,7.57934213699885,-10.9815368690762,-23.3355613143595
2_0118.jpg,2,6.51558802190101,-10.7223757821129,-22.3609305935481
2_0119.jpg,2,6.80916881662395,-10.7085101821613,-22.178887599134
2_0120.jpg,2,14.5446941877076,-6.98084827724254,-18.8318971092344
2_0121.jpg,2,13.583731554952,-6.95246529504725,-19.172417125279
2_0122.jpg,2,5.88889440875751,-8.85040590691484,-18.3492357543909
2_0123.jpg,2,6.80881603382544,-7.78384561898854,-19.4476606166574
2_0124.jpg,2,6.15869024527708,-7.65256370952829,-14.5449829802608
2_0125.jpg,2,11.4485785983577,-5.58335788702688,-16.0755315240263
2_0126.jpg,2,10.8582195449473,-5.83192723938208,-14.6646478446175
2_0127.jpg,2,17.1143530407558,-5.18095621816481,-14.9536675010647
2_0128.jpg,2,6.81545317670508,-9.15065672522633,-14.9753232376396
2_0129.jpg,2,22.9915323999262,-2.04456968873006,-13.6430738726262
2_0130.jpg,2,18.888462088583,-3.42811785198677,-13.4051083462757
2_0131.jpg,2,15.7869033657575,-3.80570245949217,-13.4009807811795
2_0132.jpg,2,15.1551012639961,-5.72688656470385,-13.694877669202
2_0133.jpg,2,4.47601430382543,-8.21467565156325,-11.41172527139
2_0134.jpg,2,13.9294092658569,-2.81815569334088,-8.73645166405579
2_0135.jpg,2,15.5703593877769,-3.77484054357195,-9.78341543424221
2_0136.jpg,2,5.2583094158478,-7.52358705948998,-10.0005607191425
2_0137.jpg,2,23.4246427462891,-2.58789542503904,-10.9792680789437
2_0138.jpg,2,19.5983332695475,-3.10617083654525,-7.07514942320126
2_0139.jpg,2,16.2095735333237,-4.27998930633463,-6.89450870048166
2_0140.jpg,2,16.9187686344957,-3.02885712493272,-5.76732231392625
2_0141.jpg,2,18.4479192711964,-2.59813353585812,-5.05292244313533
2_0142.jpg,2,20.5469815028462,-2.05068007569027,-4.46494914320094
2_0143.jpg,2,31.3374718965818,-0.903963945980479,-4.09882049201795
2_0144.jpg,2,25.3448725298663,-0.597603272176364,-4.2322540204379
2_0145.jpg,2,24.722806461646,-1.84424673598695,-2.66741203025776
2_0146.jpg,2,20.5294930286231,-0.827516770602859,-1.36762004637033
2_0147.jpg,2,19.9179101360716,-0.92552497835793,-1.73994302514716
2_0148.jpg,2,13.7097113775479,-3.33550745888819,-2.96905232286389
2_0149.jpg,2,18.843503078549,0.203953438876873,-0.563111959224302
2_0150.jpg,2,20.4688970146317,1.23596453552792,-0.477556428161904
2_0151.jpg,2,16.2176865940034,0.537500386706186,0.259275495270202
2_0152.jpg,2,20.8198842008352,1.35156625315606,1.34917649655128
2_0153.jpg,2,13.5610308370471,0.194257499026089,1.4529394916684
2_0154.jpg,2,21.1291172817637,1.64812213171079,1.76245816537505
2_0155.jpg,2,23.0100378072566,3.21621538567004,3.44297112400353
2_0156.jpg,2,19.4752596421097,4.19306038682401,3.66205829566023
2_0157.jpg,2,21.7283307782361,5.36951917864345,3.86640969279001
2_0158.jpg,2,21.9429519914769,5.02542286643567,4.32325617299217
2_0159.jpg,2,19.4380527472705,7.37573935277521,5.63622682978612
2_0160.jpg,2,26.2493413930925,10.0123319762286,6.90409680872275
2_0161.jpg,2,23.6645580020914,10.2410428962107,6.6905085713913
2_0162.jpg,2,20.7809732297908,9.07704649076124,7.26487803405747
3_0001.jpg,3,-6.92470319150598,-2.73899853708728,-2.67135087377263
3_0002.jpg,3,-6.31893783961752,-6.64093929614249,-3.13609358442107
3_0003.jpg,3,-4.10052268826462,-5.11096370739659,-3.13461478944111
3_0004.jpg,3,-5.76468528811879,-4.56819352417628,-3.61320331268144
3_0005.jpg,3,-9.0435561104397,-2.36395605799303,-4.75367411763502
3_0006.jpg,3,-5.84567150966718,5.1900154360505,-7.01738509520953
3_0007.jpg,3,-4.49882878539813,1.13629166655524,-5.45898397185343
3_0008.jpg,3,22.5813047603781,1.55658014241805,-2.11075288481535
3_0009.jpg,3,24.6061563743428,0.0484720557527639,-2.30067037782786
3_0010.jpg,3,21.5227677730908,0.414185211521046,-3.50596894128539
3_0011.jpg,3,27.7194412118181,-0.714332406447922,-3.25370719992321
3_0012.jpg,3,30.2955957630195,2.03552647562844,-2.38431676624741
3_0013.jpg,3,16.4311344395529,12.2516175176186,2.31767235765996
3_0014.jpg,3,11.244197231539,-0.64945175183419,-1.18623201981242
3_0015.jpg,3,12.0312637931814,34.3449345663413,10.1366823388464
3_0016.jpg,3,13.2394893410062,2.23480313365841,-1.263228308026
3_0018.jpg,3,31.3424631603035,-52.6596860965503,-58.7236013890492
3_0019.jpg,3,24.7989145788456,-58.1013988910829,-49.3527080585
3_0020.jpg,3,18.0642479528159,-59.1569032623674,-41.1413361454908
3_0021.jpg,3,21.7765267837668,-63.0601404484051,-43.9000280251569
3_0022.jpg,3,22.3675029439624,-62.1725218319885,-47.983677098261
3_0023.jpg,3,22.534011569664,-55.3595282959403,-39.4304409996403
3_0024.jpg,3,22.5049844166823,-63.6222746220281,-44.16141799287
3_0025.jpg,3,27.1405025889009,-61.9128824146614,-49.4173011815466
3_0026.jpg,3,9.1757321539127,-52.9950613742492,-20.9867997860617
3_0027.jpg,3,9.7418491749175,-52.5342606292776,-28.2933839314764
3_0028.jpg,3,29.0562652027372,-52.8375218467666,-50.8166552181397
3_0029.jpg,3,9.41658727253756,-49.1607802292729,-13.7000299302534
3_0030.jpg,3,12.5470489205821,-50.6869803173856,-28.366084939037
3_0031.jpg,3,21.4531743666309,-58.8130249732242,-42.3405909356613
3_0032.jpg,3,19.2014059333816,-55.6946445385793,-34.0836814167587
3_0033.jpg,3,17.5819574185809,-55.1171615910285,-35.0828059030961
3_0034.jpg,3,26.3330714484939,-57.5965413730079,-45.8047042661266
3_0035.jpg,3,36.8752409568486,-53.0388624537429,-54.990845151812
3_0036.jpg,3,28.2375341857354,-53.4641256627174,-45.3380494629214
3_0037.jpg,3,35.0864071024456,-52.0131118208686,-50.4055768900889
3_0038.jpg,3,27.7809701815237,-52.8899621115877,-42.3719261695107
3_0039.jpg,3,24.5800508591503,-55.0711020376527,-38.991963173711
3_0040.jpg,3,13.9555848080915,-37.403704974838,-10.6660221871781
3_0041.jpg,3,23.2274481774559,-55.2769353641821,-37.3524672400828
3_0042.jpg,3,30.970478536945,-55.4604352552956,-43.4964766554696
3_0043.jpg,3,20.025903734158,-55.6932459349921,-36.435900255132
3_0044.jpg,3,20.3377044771219,-48.0689145221146,-26.4358990523514
3_0045.jpg,3,19.351101863862,-45.442068144219,-24.2681888999603
3_0046.jpg,3,17.9252576692125,-51.834659493827,-24.6156435371007
3_0047.jpg,3,16.5985409246036,-52.6926189138158,-26.6529984855269
3_0048.jpg,3,24.2656371917432,-53.4041943376295,-34.4952508989933
3_0049.jpg,3,29.7350848412163,-54.0782872968419,-38.862969373419
3_0050.jpg,3,20.3289776782344,-51.5006739343404,-26.5433914681539
3_0051.jpg,3,27.0714096718766,-52.6997254869363,-29.7551431706982
3_0052.jpg,3,35.6570452671404,-50.2862459507532,-34.1715949026081
3_0053.jpg,3,27.198949463392,-57.5823704604836,-46.6762678093842
3_0054.jpg,3,33.34868233849,-51.5612637857331,-49.2435033692638
3_0055.jpg,3,29.3800343626382,-52.8655555450079,-44.8354807596781
3_0056.jpg,3,21.1116646248793,-56.7331300292373,-39.8521826329241
3_0057.jpg,3,23.9545199557568,-57.0134073825853,-42.992926877902
3_0058.jpg,3,25.7172763530906,-57.8397176218417,-46.3477909270063
3_0059.jpg,3,27.1213034817688,-56.8307367066811,-50.9591691967773
3_0060.jpg,3,22.7762237399937,-60.7325586326423,-46.258480875715
3_0061.jpg,3,21.6078315081735,-57.9497745949068,-41.296999971881
3_0062.jpg,3,23.0570710506279,-54.0515413371606,-38.4562100080279
3_0063.jpg,3,13.6228873990359,-54.4942436217158,-34.596098667591
3_0064.jpg,3,23.9857286415146,-59.7250818784004,-44.7932745942125
3_0065.jpg,3,21.4307554307245,-57.6636857424137,-38.8375398458838
3_0066.jpg,3,23.7566299600188,-58.7466446527171,-42.058062017741
3_0067.jpg,3,14.042969483328,-53.3797660993757,-29.4421304923326
3_0068.jpg,3,12.3184291879212,-59.4981387301566,-33.1167484739368
3_0069.jpg,3,30.1911611358423,-58.8914496994165,-47.8846694903132
3_0070.jpg,3,22.1108259464284,-60.6475313136326,-41.1713108277274
3_0071.jpg,3,33.6075923517408,-58.803934563273,-51.8064565227651
3_0072.jpg,3,44.5743086404643,-53.1213678388611,-61.1295150930467
3_0073.jpg,3,23.0367082791906,-54.603880316201,-38.7707690396848
3_0074.jpg,3,36.713348860965,-56.4347186748748,-58.0582621674888
3_0075.jpg,3,36.8976842441242,-50.4811294684919,-62.1963639816467
3_0076.jpg,3,27.744517752399,-58.9194452584626,-50.0318732762589
3_0077.jpg,3,28.3878725906021,-60.1594037590687,-48.7354450531587
3_0078.jpg,3,5.04314209415967,35.4724963660046,-0.213016405731398
3_0079.jpg,3,18.3875085801155,4.89096654142486,0.183105394786927
3_0080.jpg,3,27.8251827877209,3.41224244511549,-0.0974569810214613
3_0081.jpg,3,25.0492026072521,0.784700844047058,-1.25607785855932
3_0082.jpg,3,24.4158569321289,5.26230256864869,1.44858515938262
3_0083.jpg,3,8.86677588635449,3.61712549829822,12.1985476857891
3_0084.jpg,3,25.7736901503233,5.39719232391817,3.11274177081576
3_0085.jpg,3,31.1488349691112,1.14165377252326,2.38021448360393
3_0088.jpg,3,13.2505567480258,11.7634603938323,3.22140268077695
3_0089.jpg,3,23.9259870235546,6.10924766239387,3.38164924706347
3_0090.jpg,3,11.9312550505799,23.5409703457277,7.02403635302045
3_0091.jpg,3,12.5181850176664,28.5603283835502,8.86455164931823
3_0092.jpg,3,5.45701177079937,36.6257959452757,1.39817992281844
3_0093.jpg,3,5.03808284306016,25.6381923506686,-4.60715738456656
3_0094.jpg,3,0.496723896828974,-6.41943118062574,-7.80176042884649
3_0098.jpg,3,26.6718645809101,-3.37320999786191,-0.254677983343696
3_0102.jpg,3,8.75040583301057,-17.3791954838132,-21.4803818241294
3_0105.jpg,3,10.8499383181039,-5.0713557417234,-7.62043729459059
3_0112.jpg,3,15.7598348956327,-20.0087043277813,-21.7100415800175
3_0116.jpg,3,11.7131996598718,-4.30810005965814,-8.09224212032427
3_0119.jpg,3,15.1236130026198,-25.6767546582236,-20.8574216232015
3_0127.jpg,3,10.9994694689593,4.17880959824981,-5.55346227286594
3_0136.jpg,3,8.42160494871348,22.1186910455104,10.5531325058903
3_0138.jpg,3,6.15494292613275,0.638534786261835,-6.85192613841455
3_0143.jpg,3,0.945245552293694,21.7281795984808,0.805671793933754
3_0144.jpg,3,3.52159971852761,27.0085416425985,1.55636424981446
3_0145.jpg,3,9.07622993492955,17.7870790196139,1.91157907487073
3_0146.jpg,3,6.59784648796797,6.97405935773685,-0.94117206285475
3_0147.jpg,3,8.2360869361683,16.6712986795961,0.58559908060182
3_0148.jpg,3,5.78473714590972,26.463788591042,1.52258862471659
3_0149.jpg,3,2.72415606917856,-5.30498750086513,-7.15436990677668
3_0150.jpg,3,11.6112281319695,-3.62944063543953,-4.02319642141757
3_0151.jpg,3,10.6466353474506,1.50706445792743,-3.03232881214029
3_0152.jpg,3,1.57918902992212,30.8035216929072,-5.74474971673185
3_0153.jpg,3,4.92592489507636,14.9760865898485,-1.10617062686536
3_0154.jpg,3,-0.00478221435476584,-2.28657675918287,-3.77277087422901
3_0155.jpg,3,-1.86135382018228,25.549512470613,-14.0241115519168
3_0156.jpg,3,-7.09880705997181,5.20396628981473,-5.08259271152784
3_0157.jpg,3,-6.73045580331956,11.0757831300243,-5.31915217604407
3_0158.jpg,3,-1.25500068233671,28.7981386334746,-9.11838565582969
3_0159.jpg,3,-7.52469833370163,-4.20191868127375,-4.05323814435171
3_0160.jpg,3,6.15185263627262,-4.9607009469236,-6.06052965986204
3_0161.jpg,3,-6.23274358829643,-2.59540177441052,-4.77139524055918
3_0162.jpg,3,-35.3376330302084,-26.4428317512243,-171.970452234894
3_0163.jpg,3,13.6194764469893,-51.8765663094367,-26.8434175693524
3_0164.jpg,3,25.3699850119306,-56.6329983735905,-47.4236748635886
3_0165.jpg,3,16.2134501770102,-54.5239539270957,-35.4936662115459
3_0166.jpg,3,18.6746532410869,-51.3102395681641,-39.0988509880222
3_0167.jpg,3,23.0391981848859,-55.1720419652955,-46.7908467125794
3_0168.jpg,3,28.5523822848435,-53.1067980311579,-55.9896700752762
3_0169.jpg,3,33.0016636014945,-54.3524337075812,-58.0754949315956
3_0170.jpg,3,16.8005603887371,-54.1637805341176,-35.7472262329494
3_0171.jpg,3,22.552394341238,-56.8755021058724,-37.5456385741945
3_0175.jpg,3,3.10432492569456,-4.50499408069321,-3.51200606569853
3_0176.jpg,3,3.1493470374287,-4.68811937024265,-2.79588625132419
3_0177.jpg,3,2.31887032381221,-4.72494320148545,-2.71037141553223
3_0178.jpg,3,9.39220400758118,-3.87477342376229,-1.84537365977746
3_0179.jpg,3,10.0754158710297,-3.00989536896671,-3.32716782959259
3_0180.jpg,3,5.48402111039419,-4.49297941595991,-4.16819747285367
3_0181.jpg,3,4.27782346315744,-3.55284893310914,-3.784708304192
3_0182.jpg,3,-3.32759447876846,-3.42281271921103,-3.39625249163913
3_0183.jpg,3,-5.53845888388356,-4.93858406697398,-3.48406322776585
3_0184.jpg,3,3.35267175221693,-5.28215717832869,-2.98622206205225
3_0185.jpg,3,6.30898174378277,-4.9547736949124,-3.98615080198438
3_0186.jpg,3,-1.81609447053404,-6.41593375040542,-3.44954150160765
3_0187.jpg,3,1.49268675226891,-4.08472955417032,-2.87037271871896
3_0188.jpg,3,-3.51878368741854,-5.26329415077559,-3.09021003661724
3_0189.jpg,3,-5.11302734781683,-3.18880775081122,-2.76100721785414
3_0190.jpg,3,-6.21292869667326,-5.22117976296271,-3.25628605120253
3_0191.jpg,3,-1.70593802625471,-7.3265069412742,-3.76760373001278
3_0192.jpg,3,-2.90413347737797,-5.39709776219285,-3.10858825449898
3_0193.jpg,3,-2.67706491912255,-4.35006758166132,-2.84531295616168
3_0194.jpg,3,-2.24865749375709,-4.07793191729985,-2.11375524069128
3_0195.jpg,3,1.85035394854304,-4.8166279480856,-4.14626826889885
3_0196.jpg,3,-2.53812359478934,-3.97134357297313,-2.18521076658661
3_0197.jpg,3,-10.4480006951204,-6.79151014745366,-2.88927662874759
3_0198.jpg,3,-3.02663907851791,-6.09343287892548,-3.63873738179045
3_0199.jpg,3,-10.7553170537598,-6.83669293949424,-3.14642396901094
3_0200.jpg,3,-4.13018473547311,-7.89214516713604,-3.61315822782523
3_0201.jpg,3,-3.62425382248656,-6.88898617040496,-4.3123088665497
3_0202.jpg,3,-3.51891570253296,-7.00092220396319,-4.01433516742668
3_0203.jpg,3,-5.24757775725057,-8.8733269604952,-4.61471375106217
3_0204.jpg,3,-4.88017753880461,-7.62233374311568,-3.68143081184786
3_0205.jpg,3,-4.33604636798696,-7.34656388252498,-2.89633301034338
3_0206.jpg,3,-3.17225216242641,-7.73641123758919,-3.53699726571655
3_0207.jpg,3,-10.4520618165817,-6.77616287933061,-2.71994467381214
3_0208.jpg,3,-7.87231028017895,-7.3028979105714,-3.69310090785594
3_0209.jpg,3,-6.8736461406244,-6.67157131189017,-3.3801581561723
3_0210.jpg,3,-0.0787515125852651,-6.86386623653672,-3.40112983047717
3_0211.jpg,3,0.581847934139184,-6.35010878243832,-4.13047885668701
3_0212.jpg,3,-2.68370132289337,-6.79651685906222,-4.06312671123864
3_0213.jpg,3,0.938949923502313,-6.45268310812628,-2.66100336829252
3_0214.jpg,3,-2.37023105818727,-8.2932585437335,-3.97402524862764
3_0215.jpg,3,-0.359192558781466,-6.8773981056466,-3.32439870612636
3_0216.jpg,3,0.691009945267344,-7.10031255143192,-2.84342861775366
3_0217.jpg,3,0.486913220077585,-5.86351278765066,-2.77123721092574
3_0218.jpg,3,15.9790531982614,-6.13617165608003,-3.91189588908409
3_0219.jpg,3,9.66203802191935,-4.98378634328157,-2.102245434566
3_0220.jpg,3,24.7459196671146,-4.08988794645504,-3.07045556811336
3_0221.jpg,3,19.1204322124671,-5.54248747376834,-3.26998524310761
3_0222.jpg,3,18.3039209659162,-4.26009530769331,-1.5337023914424
3_0223.jpg,3,25.36745073357,-3.52799334173914,-1.75540744681408
3_0224.jpg,3,26.8407720950487,-3.56255905203251,-0.483523107709141
3_0225.jpg,3,23.8805653238369,-2.52895039980406,-0.949679616928933
3_0226.jpg,3,23.0220290745936,-3.59597268244361,-1.51107754100601
3_0227.jpg,3,22.5302436129053,-3.14166210753353,0.631020796310096
3_0228.jpg,3,23.0985872529035,-3.89765163351005,-0.291030814513358
3_0229.jpg,3,24.7483993064399,-2.17261283939494,-0.0519403987106342
3_0230.jpg,3,28.2891675332679,-0.661329785642862,0.767345897517458
3_0231.jpg,3,5.01994601498525,-2.72266857729341,-2.61216465374391
3_0232.jpg,3,9.26468718351193,-3.28772305901239,-2.86623448481622
3_0233.jpg,3,20.466885916948,-0.901901575241225,-1.71425404939764
3_0234.jpg,3,16.7256056771761,-2.39103380226269,-3.0576374671945
3_0235.jpg,3,8.05905505009526,-4.07171952314727,-3.36642275268454
3_0236.jpg,3,8.8482924568952,-3.36792834723831,-3.47027724109696
3_0237.jpg,3,13.6532968119854,-2.66912613249908,-3.29652474996242
3_0238.jpg,3,9.88885595697685,-3.71274111543616,-3.74589636184738
3_0239.jpg,3,9.71585419247755,-3.28260859846485,-3.27716245524851
3_0240.jpg,3,3.83201758065002,-3.43257746917182,-3.50196313980069
3_0241.jpg,3,3.44132965546252,-3.93012936315206,-3.37015346579198
3_0242.jpg,3,1.67371571912329,-4.29839394295853,-2.40819631189858
3_0243.jpg,3,-1.89954974299319,-32.6436962576134,-2.46860285383316
3_0244.jpg,3,9.90960297859353,-8.39725268150427,-3.61671976970217
3_0248.jpg,3,-10.3500607994812,5.68111720712082,-1.69897399559286
3_0249.jpg,3,-11.4259643361034,5.28382425857188,-1.29659185047211
3_0250.jpg,3,-14.8428423242766,6.27500885674848,-1.01247867361783
3_0251.jpg,3,-11.5551608162644,5.74630550811346,-1.19852928252763
3_0252.jpg,3,-12.8381825419158,4.62247807127188,-0.973417160582573
3_0253.jpg,3,-17.4710181747525,4.12176046018062,-2.05445880527393
3_0254.jpg,3,-13.7272115114715,5.15884230918821,-1.49868091188106
3_0255.jpg,3,-17.2140955251324,4.80203989772786,-1.345754926838
3_0256.jpg,3,-13.2615901271678,5.08644697889824,-3.02562620905643
3_0257.jpg,3,-18.5642676426319,5.01857619045234,-1.46806417556018
3_0258.jpg,3,-12.839300420843,3.0127811029978,-1.25478175044331
3_0259.jpg,3,-16.4794415204332,4.57918207763216,-1.74356756203179
3_0260.jpg,3,-19.6878932915359,3.24968086742485,-0.725900970878811
3_0261.jpg,3,-20.2989015223956,2.99269464182642,-2.29818501114511
3_0262.jpg,3,-23.3510741391567,2.82849744585041,-0.48859204603539
3_0263.jpg,3,-22.7994977477067,2.74084594467399,-2.2458283415439
3_0264.jpg,3,-23.4551963213099,1.29977427750353,-2.90662556136414
3_0265.jpg,3,-22.6135466443319,0.950594300042916,-3.81840148206384
3_0266.jpg,3,-27.4101843815181,-0.766801282296992,-2.73434594584245
3_0267.jpg,3,-20.9517180198615,-1.90302370210229,-5.05578108989213
3_0268.jpg,3,-28.9879199819266,0.538405559272287,-0.14795031855728
3_0306.jpg,3,-25.8668983943972,4.15944730161151,0.691920999924586
3_0308.jpg,3,-24.1696684844772,5.95153998494704,1.13033457302857
3_0309.jpg,3,-23.5240815055738,7.79430996562399,3.27027854884338
3_0310.jpg,3,-22.5888413329084,8.34205307651637,1.83090369990173
3_0311.jpg,3,-21.2995934763088,4.79890951512566,0.579381168135453
3_0312.jpg,3,-20.4287792155785,7.17096427938059,1.44495931280612
3_0313.jpg,3,-21.8212750450611,7.42146742836194,1.19064912202634
3_0314.jpg,3,-17.9491184044531,8.1069538259664,1.73461685861092
3_0315.jpg,3,-18.2853623918971,6.10353885226519,1.08794960719003
3_0316.jpg,3,-11.3377875825877,6.91795979010911,-0.918108819542871
3_0317.jpg,3,-16.5427865939013,4.35545041843774,0.599189356178477
3_0318.jpg,3,-17.4700925358263,2.89545865726698,0.479751855706491
3_0319.jpg,3,-16.5051096018107,4.41046748946153,0.412028427584691
3_0320.jpg,3,-15.4627109189308,4.02137892204296,1.24791620352048
3_0321.jpg,3,-19.2908973326992,4.73682163357844,0.803204783208556
3_0322.jpg,3,-16.4155023790229,6.71523352009254,2.11771994029968
3_0323.jpg,3,-18.5356035320777,4.32403954291256,0.664726489617975
3_0324.jpg,3,-14.5802934769225,4.13819587810226,-0.316867036876014
3_0325.jpg,3,-15.6594316340059,5.95181911586656,1.80955818968394
3_0326.jpg,3,-15.9154757017197,4.52184984758746,-1.00191017755241
3_0327.jpg,3,-16.8596442762558,6.48152309691293,-0.244779004286962
3_0328.jpg,3,-15.1201529835075,5.11981912436307,1.92517560486274
3_0329.jpg,3,-21.7123553122435,5.47787797740345,1.52906468359377
3_0330.jpg,3,-19.2182521460065,5.33563846073121,1.54076567874002
3_0331.jpg,3,-17.9917470610801,6.06087998738362,0.209130133935095
3_0332.jpg,3,-12.8135356396219,6.93575446667388,1.8176007879719
3_0333.jpg,3,-8.58720044214214,6.5074714161989,1.94424845697789
3_0334.jpg,3,-14.6104984642391,8.18411875864912,1.43448444777775
3_0335.jpg,3,-18.0187082317552,7.48598689930156,1.33629381892303
3_0336.jpg,3,-18.1206446952056,6.42005728783049,1.3006557021677
3_0337.jpg,3,-15.8190490958738,7.58463350733299,1.91697158586818
3_0338.jpg,3,-6.95208156799952,7.18343906764159,1.60754420170659
3_0339.jpg,3,-12.2668114724279,8.53624106949365,1.47785369676984
3_0340.jpg,3,-11.6370708597938,8.4727320825229,1.19306613390066
3_0341.jpg,3,-6.22497794138718,10.4911318694455,2.1201216878315
3_0342.jpg,3,-8.35387182992283,12.7484109379216,1.5609003021576
3_0343.jpg,3,-12.8902819480986,12.9708661013175,1.54498011607277
3_0344.jpg,3,-5.26112806078629,15.1601800966935,1.95488743039752
3_0345.jpg,3,-6.64496006250442,14.1805171910787,0.679264435930133
3_0346.jpg,3,-5.35066479928988,15.1469405214471,0.14590640043391
3_0347.jpg,3,-1.26225846822877,17.1051453890689,1.37726375641242
3_0348.jpg,3,3.73162931145667,18.3503865755624,1.7770911447979
3_0349.jpg,3,-1.26755117139275,18.1403196968313,2.69962115499596
3_0350.jpg,3,0.409941708115474,18.9459426306652,3.16248261242322
1_010.jpg,1,-6.13421641016454,0.247961008633642,-1.68966367681114
1_0107.jpg,1,14.9569114604881,37.4880286801339,20.8248395975381
1_0108.jpg,1,21.348126041501,33.9486449645381,31.4841162568091
1_0109.jpg,1,17.8192107342334,39.1367019373424,34.4408226892752
1_011.jpg,1,4.07131997840641,2.50811120790619,16.811655518312
1_0110.jpg,1,17.3672684708628,34.7887454716098,33.5063446900385
1_0111.jpg,1,15.1311010087889,39.5331858541779,34.4662040821451
1_0112.jpg,1,15.9989225995006,38.8779141199422,36.1861829410171
1_0113.jpg,1,10.2332908026138,40.4100936328731,33.588036228358
1_0114.jpg,1,6.71647019165884,44.3336104295284,34.8833890251775
1_0115.jpg,1,6.09795791567649,47.7931690619233,38.9731844586746
1_0116.jpg,1,-0.716260571410311,49.1496932308152,36.2139754744936
1_0117.jpg,1,-3.7321631518068,50.0633015732432,36.2174140106649
1_0118.jpg,1,-3.86859103099852,49.993165388936,35.2315818819807
1_0119.jpg,1,-5.56888569987075,50.7900357705789,35.975105810019
1_012.jpg,1,-21.3541956503601,-3.59673560859841,12.6045387013222
1_0120.jpg,1,-6.98595971216434,40.2413257164123,29.8833061993014
1_0121.jpg,1,-9.01973668847316,41.0668445233518,30.5676541619508
1_0122.jpg,1,-12.3972215642479,44.6232605829577,31.6638242926087
1_0123.jpg,1,-13.1400336915974,45.9814246871847,33.0992039258355
1_0124.jpg,1,-13.5126030247322,44.0731720816539,34.5876671355328
1_013.jpg,1,-27.3291388573212,0.72353398958911,-2.46924234001028
1_0134.jpg,1,-11.9271625392443,53.6687739632757,31.6489961594958
1_0135.jpg,1,-12.5736950674765,50.1310107936175,34.0863466139794
1_0136.jpg,1,-12.6310389214303,49.2846694591723,30.1424322682079
1_0137.jpg,1,-10.7629181105314,42.7151478220397,26.1876252334861
1_0138.jpg,1,-1.07860920769991,43.0737984962766,30.723569896853
1_0139.jpg,1,7.05305179149919,46.0979040907214,35.5446238771589
1_014.jpg,1,-9.59326101399112,-11.9831131260534,11.8680677165756
1_0140.jpg,1,14.0850919648195,33.9172384268478,30.0517470357097
1_0141.jpg,1,17.2564766415751,45.3160868616202,39.9976244818087
1_0142.jpg,1,18.3476441157103,43.168134943716,37.5940251949369
1_0143.jpg,1,19.1675889396544,37.9023161165052,35.7397125782359
1_0144.jpg,1,23.6158047899585,29.7205998716232,29.2064846489427
1_0145.jpg,1,22.7529297390235,20.2332633742806,24.3542748928641
1_0146.jpg,1,12.8547706158617,-52.7930329910185,-12.7346020743167
1_0147.jpg,1,18.7583193802235,-45.2327051274837,-21.2551325929877
1_0148.jpg,1,23.1034619153963,-37.4303665847009,-25.8123986364419
1_0149.jpg,1,23.9686859941949,-40.8641878828371,-27.8482975477296
1_015.jpg,1,4.38792151855729,-24.7413588695638,-20.3492752376238
1_0150.jpg,1,23.1816195530837,-40.8511157361091,-29.4896767445116
1_0151.jpg,1,19.5296759948024,-43.5776381538017,-30.3212121819198
1_0152.jpg,1,16.5754053792851,-43.2973668509778,-31.7661267254565
1_0153.jpg,1,13.7156642529944,-44.463837323947,-32.9990994579875
1_0154.jpg,1,7.94592107068355,-44.6458751572071,-31.6416619723608
1_0155.jpg,1,6.69403287772862,-45.7335718906616,-32.0639876295754
1_0156.jpg,1,4.54786898414474,-47.4958501262974,-33.6222944904598
1_0157.jpg,1,1.09541430037323,-48.7252730116668,-35.1989074195455
1_0158.jpg,1,-4.14438931668708,-49.434449739057,-35.5580105568769
1_0159.jpg,1,-7.31108606373024,-50.533518200923,-36.3703207546311
1_016.jpg,1,-8.3002263890357,-36.0146773586141,-29.1942502368391
1_0160.jpg,1,-8.58086198598775,-48.3265979491182,-38.9247879390803
1_0161.jpg,1,-8.79997287616211,-46.3738772980766,-36.3386474957713
1_0162.jpg,1,-11.8746109010102,-39.2186295152979,-31.3506013799637
1_0164.jpg,1,-19.6407210634164,-56.265904234315,-35.5992079517899
1_0166.jpg,1,-21.8654967174514,-53.6151343644605,-34.7790099995365
1_0168.jpg,1,-13.2741723167542,-57.1137034350926,-40.0311312538638
1_0169.jpg,1,-6.48754756622422,-57.5813002650533,-40.6505084648128
1_017.jpg,1,-7.93399790079703,-42.684437274638,-32.370616447024
1_0170.jpg,1,0.126237532385199,-55.4454100994733,-39.5691258817782
1_0171.jpg,1,4.60200445392508,-50.693893061119,-38.5865145830418
1_0172.jpg,1,12.2025714885693,-47.214465891292,-36.6940529654998
1_0173.jpg,1,17.0467877506728,-42.2765877335258,-33.0341576810104
1_0174.jpg,1,27.7445744156442,-40.0213990398616,-33.9108988908683
1_0175.jpg,1,32.9887316009917,-39.4250193078997,-33.0711237101258
1_0182.jpg,1,35.3763826898517,-17.3372082932298,-16.1480530834602
1_0183.jpg,1,18.0613584713918,-18.5161451776248,-21.575677448084
1_0184.jpg,1,15.886386819162,-18.8570508497751,-21.6927728271898
1_0185.jpg,1,10.7211711361504,-20.9827119302036,-21.9377637806817
1_0186.jpg,1,5.11033469708394,-24.3611941267928,-23.1816101857088
1_0187.jpg,1,2.13454469826573,-25.7347150240287,-23.1412931643405
1_0188.jpg,1,-2.14113887367837,-26.3875784477476,-23.6551118438406
1_0189.jpg,1,-5.44544001503213,-28.4777850359923,-24.2593317085914
1_019.jpg,1,9.41410868339756,25.5987725308617,-12.8195171175404
1_0190.jpg,1,-8.16348746379255,-28.9417930339599,-24.2029135509135
1_0191.jpg,1,-12.2334615522826,-31.4692894201517,-23.8154754930792
1_0192.jpg,1,-15.836379976941,-32.8386070213109,-24.3506911348111
1_0193.jpg,1,-15.7151322889597,-35.2182151156977,-27.2058646478488
1_0194.jpg,1,-17.4312891404886,-37.909080232,-30.7927657928386
1_0195.jpg,1,-20.0507052626523,-36.9454092352771,-30.8981324737293
1_0196.jpg,1,-14.3442423425592,-38.0761383025628,-34.0882687985202
1_0198.jpg,1,-26.1346073933276,-42.8892953751246,-24.7079406306166
1_0199.jpg,1,-23.4842884236535,-40.9505394269975,-29.4512198110172
1_0202.jpg,1,-26.2588713555182,-40.3068849655848,-28.0284527936551
1_0203.jpg,1,-17.8142931182516,-41.2562675386271,-30.2534535194598
1_0204.jpg,1,-9.03113164876567,-37.6549286386502,-24.8512408769557
1_0205.jpg,1,0.674982819294347,-33.4490551560819,-23.5085593678742
1_0206.jpg,1,7.79275060572736,-29.9981439854559,-23.4865888452111
1_0207.jpg,1,14.399913234156,-25.8421906872901,-22.4806834229581
1_027.jpg,1,-43.4870412935391,-3.31471803031363,-1.61742106125687
1_028.jpg,1,-33.5030616118574,-3.32493635448523,-2.69987044382318
1_029.jpg,1,-21.2709888764603,-3.79090726375786,-3.37398250392876
1_030.jpg,1,-8.50740317252831,-3.11482754720615,-2.86894992054498
1_031.jpg,1,4.3130174901502,-2.26811539431769,-3.0677113259606
1_032.jpg,1,4.7267187872902,-1.98250431333588,-2.37120734076125
1_033.jpg,1,11.1124988385247,-2.06826109805192,-3.01066823138586
1_034.jpg,1,14.3767132390987,-1.78049450974387,-2.12136254488668
1_035.jpg,1,18.4770940862588,0.0389461411651572,-2.0279330071224
1_036.jpg,1,20.1984571923674,-0.258275549757411,-2.32409499363378
1_046.jpg,1,7.90206441708911,25.7883080298283,2.67655333979822
1_047.jpg,1,5.21483131190707,-9.19744923912393,-6.48789400815344
1_056.jpg,1,-27.1406334832149,-4.59887148445937,-2.38842621601181
1_057.jpg,1,4.14781478986749,-5.26513986471128,-2.59985722764613
1_058.jpg,1,8.76123128477063,-3.31494589946648,-1.90974622425434
1_059.jpg,1,8.78101592992919,-4.87026659780124,-1.97555119623186
1_060.jpg,1,10.4723715845954,-6.08142447493066,-2.16668192122868
1_061.jpg,1,13.0332800331851,-5.66412084022461,-2.56643063110714
1_062.jpg,1,12.034023543849,-17.155734407067,-2.9109493107847
1_063.jpg,1,6.3488625668577,28.0337283813938,2.49625125130569
1_064.jpg,1,9.83661451477078,20.6940077993547,4.66731984556773
1_065.jpg,1,25.6136499500231,7.27635972180558,7.45560596563827
1_066.jpg,1,44.1589609195503,4.84795166559069,7.20773031287188
1_067.jpg,1,12.64944802615,1.22772936305011,-0.0669452957952569
1_068.jpg,1,5.08199560847456,0.997930319960273,-2.08089282462333
1_069.jpg,1,2.80255218965364,0.453580436477869,-2.19070232585023
1_07.jpg,1,9.33864246008828,-0.199065735317,-2.32696112863029
1_070.jpg,1,4.7174673606008,0.697259322241852,-1.92698288725921
1_071.jpg,1,-9.90920951822911,1.37627797778141,-1.88419624680995
1_072.jpg,1,-19.0881441088859,2.12098996252362,-1.72848073525182
1_073.jpg,1,-28.0650176824431,2.4093832041067,-1.71069871617002
1_074.jpg,1,-28.515724207416,1.50040969115706,-2.63825397328606
1_075.jpg,1,-32.6251917768268,0.512326815671435,-2.06503432452367
1_076.jpg,1,-37.0141931010809,0.0340344536345215,-2.00999274868459
1_077.jpg,1,-41.6812702702413,-1.27903041522046,-1.78724349838247
1_078.jpg,1,-43.7329087012386,-1.84969598339722,-1.51300585619094
1_08.jpg,1,2.04531722525119,-0.118457951329178,-2.29276398422791
1_088.jpg,1,-42.8190349021455,-2.90235365335081,-1.48330248717668
1_089.jpg,1,-33.8746848792799,-3.8913401061152,-2.40692875930722
1_09.jpg,1,-6.469792443319,0.136690670064791,-2.37255118376542
1_090.jpg,1,-23.2489772419805,-3.08151409734322,-2.53390288390981
1_091.jpg,1,-6.20165832588859,-2.47203278907381,-2.52071114171028
1_092.jpg,1,6.94498664725204,-2.08926664675002,-2.82644221418922
1_093.jpg,1,6.48299020665282,-1.90844247763957,-2.38089832228562
1_094.jpg,1,10.0268859693928,-2.48545701880395,-2.80743549505736
1_095.jpg,1,14.3742393623789,-1.87156020152841,-2.29074438954005
1_01.jpg,1,-21.4218361217139,-3.71325818331054,-2.61327096790628
1_010.jpg,1,-33.1935284596276,-4.60063408853276,-3.67006113293547
1_011.jpg,1,-27.130761733606,-7.77616783037839,-3.74834455089836
1_012.jpg,1,-26.146242691199,-7.76373360330266,-3.05718016572702
1_013.jpg,1,-21.5344118641952,-9.5344462515396,-3.50447817244892
1_014.jpg,1,-20.969436647547,-9.42661656500931,-2.16522155956755
1_015.jpg,1,-11.7256078134644,-8.00219426120886,-2.25665883426072
1_016.jpg,1,2.80363192837672,-8.98977495367224,-3.07740614833237
1_017.jpg,1,10.4070113214809,-7.14897299811169,-3.29686526315501
1_018.jpg,1,12.8339489343476,-7.8501990686766,-3.33635569567329
1_02.jpg,1,-26.2273630326934,-5.03937932205889,-3.4352836698242
1_026.jpg,1,16.1572989232136,-39.3734069833777,-26.1131943701061
1_027.jpg,1,8.64414861292171,-38.5278579401782,-26.4577872240306
1_028.jpg,1,4.3687053222047,-46.8896321653422,-29.4862438480183
1_029.jpg,1,1.46279800839428,-48.9211026621405,-30.6403575948371
1_03.jpg,1,-25.8209874303391,-3.22950658256127,-8.40152511595861
1_030.jpg,1,1.04248232889339,-44.0580248033699,-31.0490465796822
1_031.jpg,1,-2.2229270294815,-46.6882280443701,-32.10369483887
1_032.jpg,1,-7.63233881245738,-48.9568132638946,-29.5352223654049
1_033.jpg,1,-11.751769076278,-49.1439885175604,-30.3007767218066
1_034.jpg,1,-14.2760382472803,-49.8677903422842,-29.835263305409
1_035.jpg,1,-15.2858469495963,-46.1066268687937,-29.0979581704665
1_037.jpg,1,-9.76742187131233,-57.7133670438632,-30.9371932330176
1_038.jpg,1,-22.749557013653,-49.4336140244575,-24.9022376213842
1_039.jpg,1,-24.3554438362399,-44.9846990190739,-22.6771238209042
1_04.jpg,1,-22.6061441684995,-2.47122638196224,-11.9888035691205
1_040.jpg,1,-15.8860307040855,-34.8214022101723,-24.7208716904734
1_042.jpg,1,-11.3468354373357,-55.3577958509391,-25.8200475112327
1_043.jpg,1,-13.2221909693431,-47.9065643714038,-23.5628815007054
1_044.jpg,1,-4.55249189033993,-42.230457844214,-25.773231659453
1_045.jpg,1,-1.05207457731109,-39.9389372537009,-23.9150212409569
1_046.jpg,1,5.58882124873357,-41.6820275626763,-24.9301474777065
1_047.jpg,1,11.1964174938329,-39.298029794953,-24.7448441792266
1_048.jpg,1,14.6816359406353,-39.7929837385479,-24.3604144753038
1_049.jpg,1,17.6154315537371,-37.6371147898018,-24.1514240387694
1_05.jpg,1,-31.2964468449711,-10.0347092283015,-7.66272055587811
1_06.jpg,1,-38.3331364097317,-4.53609994240226,-5.03527472128068
1_08.jpg,1,-32.0076912857532,-2.801544840709,-2.9661984040351
1_09.jpg,1,-28.7310860663195,-7.69412525220982,-3.41834213360902
